Season,Date,HomeTeam,AwayTeam,FTHG,FTAG,FTR,HTHG,HTAG,HTR,HS,AS,HST,AST,HC,AC,HF,AF,HY,AY,HR,AR,Referee,HXG,AXG,Home_Elo_PreMatch,Away_Elo_PreMatch,Home_Elo_Momentum_Last5,Away_Elo_Momentum_Last5,Elo_Difference,Home_AvgGoalsScored_Last5,Home_AvgGoalsConceded_Last5,Home_AvgSoT_Last5,Home_AvgSoTConceded_Last5,Home_AvgCorners_Last5,Home_AvgXG_Last5,Home_AvgXGConceded_Last5,Home_AvgOpponentAdjustedXG_Last5,Home_Venue_AvgXG_Last5,Home_Venue_AvgXGConceded_Last5,Home_EWM_XG_Last10,Home_DrawRate_Last5,Home_RestDays,Home_Matches_Last14Days,Away_AvgGoalsScored_Last5,Away_AvgGoalsConceded_Last5,Away_AvgSoT_Last5,Away_AvgSoTConceded_Last5,Away_AvgCorners_Last5,Away_AvgXG_Last5,Away_AvgXGConceded_Last5,Away_AvgOpponentAdjustedXG_Last5,Away_Venue_AvgXG_Last5,Away_Venue_AvgXGConceded_Last5,Away_EWM_XG_Last10,Away_DrawRate_Last5,Away_RestDays,Away_Matches_Last14Days,P_Home,P_Draw,P_Away,Predicted_FTR,Correct
2025-2026,2025-08-15,Liverpool,Bournemouth,4,2,H,1,0,H,19,10,10,3,6,7,7,10,1,2,0,0,A Taylor,2.33007,1.57303,1807.7941181317813,1601.5074643690432,-7.701645999717405,1.0722420297417932,206.28665376273807,2.2,2.0,4.6,6.8,6.2,2.334156,1.9624984,2.560673364311321,1.981056,1.2808556,2.3861824750038285,0.4,82.0,0,1.2,1.2,3.2,3.6,5.0,1.3474008,1.3686964,1.4317978428245275,1.4435974,1.249762,1.5748217705942278,0.2,82.0,0,0.6551926961903816,0.20835219072175296,0.13645511308786545,H,True
2025-2026,2025-08-16,Aston Villa,Newcastle,0,0,D,0,0,D,3,16,3,3,3,6,13,11,1,1,1,0,C Pawson,0.318601,1.40098,1661.5362971156346,1669.9664301828968,-0.3928709538017607,-0.2044701408259754,-8.430133067262204,1.0,0.8,3.4,4.8,3.8,1.2597564,1.3146866,1.374814573732323,2.2724140000000004,1.1278866,1.5025814940305866,0.0,83.0,0,1.2,0.6,5.4,3.0,7.2,2.16578,0.7387724,2.2802123573556177,2.045348,1.2159427999999997,1.999439583999676,0.2,83.0,0,0.3569695878985809,0.2813266812356722,0.3617037308657469,A,False
2025-2026,2025-08-16,Brighton,Fulham,1,1,D,0,0,D,10,7,4,2,4,3,16,15,3,3,0,0,S Barrott,1.44008,0.902883,1622.2320048096258,1574.7970944895471,10.867497916730615,-3.3647144265724536,47.43491032007864,2.6,1.2,6.6,3.8,5.4,1.7377725999999996,1.7061420000000005,1.8731205506267687,1.6831784,1.82714,1.9463302985077324,0.2,83.0,0,1.2,1.8,4.8,4.8,5.0,1.5484914,1.6882862000000003,1.6333657186109156,1.3659774,1.7631502,1.441104359684403,0.0,83.0,0,0.5197175250126297,0.2553415801476093,0.22494089483976115,H,False
2025-2026,2025-08-16,Sunderland,West Ham,3,0,H,0,0,D,10,12,5,4,5,7,8,10,0,1,0,0,R Jones,0.724368,0.558948,1347.756089401525,1524.0910024493376,-1.929791974399582,2.418496830014316,-176.3349130478125,0.6,2.0,3.8,7.4,4.4,1.1250216,1.9341792,1.1124904398968458,1.1711492,1.2369812,0.8934019785248319,0.0,3009.0,0,1.8,1.4,4.2,5.0,3.0,1.2741371999999995,1.4989754000000002,1.3038269929893436,1.5130237999999998,1.406581,1.199587880853109,0.2,83.0,0,0.24128697272572328,0.2756835620361213,0.48302946523815554,A,False
2025-2026,2025-08-16,Tottenham,Burnley,3,0,H,1,0,H,16,14,6,4,6,5,14,8,0,0,0,0,M Oliver,1.97858,0.734138,1518.50942712683,1404.2969915459155,-8.739841917300968,-0.2143034087904521,114.21243558091442,0.6,2.8,1.8,7.0,2.4,0.9084584,2.491002,0.982851831474937,1.8120744,2.1330362,1.2963827906837078,0.2,83.0,0,1.6,2.0,5.4,9.4,3.6,1.5276322,2.775712,1.5469261361325968,1.5441662,2.6337568,1.3587594275796375,0.2,454.0,0,0.5016190640384028,0.2530759251145806,0.2453050108470166,H,True
2025-2026,2025-08-16,Wolves,Man City,0,4,A,0,2,A,9,15,3,4,4,6,13,7,1,2,0,0,J Gillett,0.519436,2.29903,1521.0757956709006,1806.3456782911749,-3.249607913804455,3.0959411049396293,-285.2698826202743,1.2,1.6,3.8,4.6,6.8,1.2941629999999995,1.3956506000000002,1.3217889786160142,1.550572,1.558744,1.252860691017021,0.2,83.0,0,1.6,0.4,4.6,1.8,7.6,1.5726865999999995,1.1596988,1.6117775568174075,1.4665756,0.9812882000000002,1.8374664300121075,0.2,83.0,0,0.18062259442369108,0.23958985005868214,0.5797875555176267,A,True
2025-2026,2025-08-17,Chelsea,Crystal Palace,0,0,D,0,0,D,19,12,3,4,11,2,10,12,2,3,0,0,D England,1.36793,1.03414,1679.2948607353312,1634.7839871314866,5.84882177792862,6.824355710091568,44.51087360384463,1.2,0.6,4.4,2.8,6.4,1.5077257999999998,1.186322,1.7171797050802269,1.9590946,1.1373840000000002,1.522402920103629,0.0,84.0,0,2.0,1.2,6.4,3.4,4.2,2.385978,1.3430404,2.6153777396978053,2.323714,2.3152424000000003,2.0085299825479543,0.6,84.0,0,0.48026200017604603,0.2643394565334798,0.2553985432904744,H,False
2025-2026,2025-08-17,Man United,Arsenal,0,1,A,0,1,A,22,9,7,3,3,4,10,19,1,4,0,0,S Hooper,1.37653,1.3304,1538.1550613602296,1795.1397338338356,-1.5829429334730556,-2.201919932106521,-256.984672473606,1.2,1.6,5.4,3.0,5.6,1.7315044,1.5976203999999998,1.852690018108244,1.791872,1.040148,1.5893662671647215,0.2,84.0,0,1.6,1.4,5.8,3.6,4.8,1.946194,1.9028568000000003,2.057369640823188,2.1283480000000004,1.2155326,1.8606930378508235,0.4,84.0,0,0.2591894275892166,0.2691754845149623,0.471635087895821,A,True
2025-2026,2025-08-17,Nott'm Forest,Brentford,3,1,H,3,0,H,11,10,5,3,5,5,7,15,1,2,0,0,P Bankes,1.7555,1.32516,1598.0087316597403,1601.2069786658303,-4.50576215526154,3.288685022892784,-3.1982470060897867,1.0,1.4,4.0,3.8,5.2,1.3608473999999997,1.4499194,1.3908793973517004,0.9911698,1.437202,1.2863624506934437,0.4,84.0,0,2.0,1.4,5.4,5.4,5.2,2.166218,1.0496759999999996,2.227697332130397,1.3867726,1.1060278,1.9702460475094004,0.2,84.0,0,0.43964272910740115,0.272201896261744,0.28815537463085483,H,True
2025-2026,2025-08-18,Leeds,Everton,1,0,H,0,0,D,21,7,3,1,7,2,6,8,0,2,0,0,C Kavanagh,2.3812,0.674338,1420.6945383237878,1587.4957359424084,-6.757388233901989,4.682182733781191,-166.80119761862056,1.2,3.0,3.4,6.8,5.2,1.0661684,2.443258,1.1314928536979376,1.498372,2.47038,1.169301016440043,0.2,813.0,0,1.6,0.8,4.8,5.2,3.4,1.3604158000000002,1.0659725999999998,1.3399158863098264,1.0798328,0.9714464,1.348475120235754,0.2,85.0,0,0.2803011402887231,0.26808290539634516,0.45161595431493173,A,False
2025-2026,2025-08-22,West Ham,Chelsea,1,5,A,1,3,A,12,12,4,7,7,5,7,10,0,1,0,0,M Oliver,0.978572,3.94997,1498.4006427665431,1678.0206980687765,-1.0385907183449596,4.078991549843703,-179.62005530223314,1.4,1.4,4.2,4.2,4.2,1.1376587999999996,1.384983,1.144765045406436,0.943633,1.4991818,1.08310790251618,0.2,6.0,1,1.0,0.6,3.6,3.0,6.6,1.6276491999999998,1.2097824,1.855121486075073,0.8942423999999999,1.1227034,1.4943169346302418,0.2,5.0,1,0.2769746774561086,0.2856675548644867,0.4373577676794045,A,True
2025-2026,2025-08-23,Arsenal,Leeds,5,0,H,2,0,H,18,3,5,1,2,2,8,11,0,2,0,0,J Gillett,2.73761,0.156761,1798.8503287293838,1435.1577147081514,-0.3979407269724173,-0.3756115709843904,363.6926140212324,1.4,1.0,5.2,4.2,5.0,1.827976,1.6771328000000003,1.92013031635216,1.6410338000000002,1.6399926,1.7642761218779464,0.2,6.0,1,1.2,2.2,2.8,5.6,5.4,1.2750264000000002,2.0746796,1.376051912970707,0.7392182,2.513014,1.389646286178217,0.2,5.0,1,0.8024019880849604,0.13967874726557372,0.05791926464946604,H,True
2025-2026,2025-08-23,Bournemouth,Wolves,1,0,H,1,0,H,14,6,4,1,8,3,13,16,2,4,0,1,T Bramall,1.78462,0.373367,1594.496173916057,1514.9942953279158,-0.0437323541912523,-6.445152653810387,79.50187858814115,1.4,1.8,3.6,4.4,5.4,1.5400168,1.4526324000000002,1.685223059058768,1.642246,1.1351024,1.5744959941225498,0.0,8.0,1,0.6,2.4,3.2,5.0,6.8,0.8827181999999999,1.6455006,0.9742938100965908,1.1178894,1.1676178,1.1195107471957444,0.2,7.0,1,0.50472495750673,0.263724713501425,0.231550328991845,H,True
2025-2026,2025-08-23,Brentford,Aston Villa,1,0,H,1,0,H,9,17,2,2,2,9,11,9,1,2,0,0,T Harrington,1.12964,0.976852,1586.0689031431154,1661.77888824432,-3.046740502570751,0.9536419218791522,-75.70998510120467,1.8,2.0,5.4,5.4,5.2,2.127142,1.2666546,2.181500678273132,2.1943906,1.353438,1.852957675234964,0.2,6.0,1,0.8,0.4,3.4,4.2,4.0,0.9516646,1.3224186,1.001844664304517,1.5048924,1.2635790000000002,1.2873123132977524,0.2,7.0,1,0.4374165959539574,0.27687033925804816,0.2857130647879944,H,True
2025-2026,2025-08-23,Burnley,Sunderland,2,0,H,0,0,D,7,9,2,1,4,3,9,5,0,1,0,0,M Salisbury,1.00381,1.12127,1392.351123999803,1373.4464490843195,-5.542645148220297,4.670987088810805,18.904674915483383,0.8,2.4,4.4,8.4,4.2,1.1897838,2.775796,1.2596116562992663,1.6088620000000002,1.7973869999999998,1.2451918952924308,0.2,7.0,1,1.2,1.8,3.8,6.8,4.2,0.9365552,1.7397808,0.936775384513468,0.8135448000000001,1.9101666,0.8626685278839534,0.0,7.0,1,0.4059669358753497,0.27881231100999815,0.31522075311465225,H,True
2025-2026,2025-08-23,Man City,Tottenham,0,2,A,0,2,A,10,12,4,5,7,2,7,12,1,4,0,0,P Bankes,1.2475,1.28015,1812.42717863416,1530.4552946729425,3.0142465235927824,-5.127452992514309,281.97188396121715,2.0,0.2,4.2,1.8,6.8,1.7600285999999996,0.8917740000000001,1.7758813806101788,2.0976926,0.97727,1.921387079100815,0.2,7.0,1,1.0,1.8,2.4,6.2,3.2,1.201612,2.1356216,1.2270795570460686,0.982892,1.777502,1.4204186469230335,0.2,7.0,1,0.7901700674483436,0.1480251858643675,0.06180474668728891,H,False
2025-2026,2025-08-24,Crystal Palace,Nott'm Forest,1,1,D,1,0,H,8,9,4,1,1,3,11,11,3,3,0,0,A Taylor,1.10188,1.32987,1636.0581497980415,1613.1468071824554,6.017328017378116,1.8296633702019955,22.911342615586136,1.6,0.8,6.4,2.8,3.4,2.091776,1.2323283999999997,2.2436378709614613,1.5890906,1.1269746,1.8313681675392357,0.6,7.0,1,1.6,1.2,4.0,3.8,5.4,1.5778259999999995,1.4108434,1.6239681065105596,1.1233984,1.7495112000000002,1.3716601869309992,0.4,7.0,1,0.5081893611323395,0.2729205751445086,0.21889006372315187,H,False
2025-2026,2025-08-24,Everton,Brighton,2,0,H,1,0,H,11,13,3,4,2,2,7,15,4,3,0,0,S Attwell,1.80116,2.08487,1573.0325595580448,1620.8751385786911,3.304545151682386,8.915140282344051,-47.842579020646326,1.6,0.8,4.4,4.4,3.4,1.3119158,1.38855,1.2659424306249585,1.3441982,1.1985557999999998,1.2259047347383438,0.2,6.0,1,2.2,1.0,5.6,3.4,4.6,1.7669225999999996,1.6384506,1.9145617183123984,1.8306600000000004,1.602429,1.8542847896881445,0.4,8.0,1,0.34386141903680056,0.288678497071321,0.36746008389187834,A,False
2025-2026,2025-08-24,Fulham,Man United,1,1,D,0,0,D,13,10,4,3,9,6,12,10,1,1,0,0,C Kavanagh,1.65333,1.54603,1576.1539607204818,1534.4444664646817,-3.7394085593550086,-2.611345619246928,41.70949425580034,1.0,1.8,4.2,5.0,3.0,1.329948,1.7891860000000002,1.4812870287987503,1.3000164,1.4704039999999998,1.3432459306508753,0.2,8.0,1,1.0,1.6,5.6,3.4,4.2,1.6247324,1.7417104,1.7755969321368184,1.207102,1.7286785999999998,1.550668764043863,0.0,7.0,1,0.4309579861386664,0.28498759332680057,0.2840544205345331,H,False
2025-2026,2025-08-25,Newcastle,Liverpool,2,3,A,0,1,A,10,5,3,4,7,1,17,15,2,3,1,0,S Hooper,1.96342,0.646559,1669.723839054211,1814.8054085847675,-1.63594372073608,-7.522603324684297,-145.08156953055618,0.6,0.6,5.0,3.6,6.2,1.6228979999999995,0.777052,1.8072821295981176,2.3825119999999997,1.0016934,1.890628750545189,0.4,9.0,1,2.0,2.2,5.0,6.8,5.8,2.297962,2.174542,2.5351875139606177,2.2464396,1.6479309999999998,2.375980206821314,0.4,10.0,1,0.36259137699531446,0.2694482384554569,0.3679603845492287,A,True
2025-2026,2025-08-30,Chelsea,Fulham,2,0,H,1,0,H,13,11,6,3,6,4,11,17,2,2,0,0,R Jones,2.4324,0.736228,1687.8574719513113,1574.9591990624308,1.5209489659627025,-2.332411209990888,112.89827288888046,1.4,0.6,3.6,3.4,7.0,1.7137552,1.1201568,1.775009764007588,1.9717946,1.0636640000000002,1.940799310152016,0.2,8.0,2,1.2,1.8,4.4,5.0,4.2,1.5200566000000002,1.840366,1.6642760295899837,1.258142,1.5907882,1.3996248523507162,0.4,6.0,2,0.5628282222049323,0.2460543272833764,0.19111745051169104,H,True
2025-2026,2025-08-30,Leeds,Newcastle,0,0,D,0,0,D,10,8,1,2,5,5,10,15,1,1,0,0,P Bankes,0.6773,0.303635,1430.7688311888678,1663.6727224673657,-0.986576759623245,-2.277408653684116,-232.90389127849767,1.0,2.8,2.6,5.4,5.6,1.2781938,2.0552576,1.3780364745884082,1.7704619999999998,1.9598735999999997,1.1654853250549049,0.2,7.0,2,0.8,1.0,4.6,4.0,6.8,1.688028,0.7687911999999999,1.938163370413392,1.999592,1.1148657999999998,1.9038635231733363,0.2,5.0,2,0.2079048657050667,0.24506735908053467,0.5470277752143986,A,False
2025-2026,2025-08-30,Man United,Burnley,3,2,H,1,0,H,26,6,6,3,7,1,9,9,1,5,0,0,S Barrott,4.02237,1.32618,1535.6392281227324,1406.535748102365,-0.6796470996391436,-3.816011505572232,129.10348002036744,0.6,1.0,5.2,3.0,4.6,1.7071303999999998,1.3549023999999998,1.858375612266764,1.804964,0.9402359999999996,1.5498253523995242,0.2,6.0,2,1.0,2.2,3.4,6.6,4.0,1.0113638,2.387656,1.0294988478325957,1.2701498,2.1361868,1.2013042779665344,0.0,7.0,2,0.6121710937157614,0.2399683007598238,0.1478606055244147,H,True
2025-2026,2025-08-30,Sunderland,Brentford,2,1,H,0,0,D,12,7,3,4,3,4,11,12,3,2,0,0,A Taylor,1.57127,1.44604,1359.2618249817574,1598.2141627077372,-1.7547520486018542,-2.310434777643976,-238.95233772597976,0.8,2.2,3.0,6.0,4.0,0.7698052,1.6970748,0.7749989781166436,1.1094488000000002,1.1112868,0.909686977359598,0.0,7.0,2,1.2,1.4,4.6,4.8,4.2,1.635596,1.235217,1.6916010173377078,1.3454026,1.0039598,1.7214453706467885,0.2,7.0,2,0.1997410024350933,0.25773307689791186,0.542525920666995,A,False
2025-2026,2025-08-30,Tottenham,Bournemouth,0,1,A,0,1,A,5,20,1,6,0,8,17,13,2,4,0,0,S Hooper,0.17067,2.1201,1555.512211466835,1602.2470449493803,0.1838594518961734,-1.5580534571442477,-46.73483348254536,1.2,1.6,3.0,6.6,3.0,1.2882376,2.1547896,1.3666264633865948,1.9376844,1.8347918,1.3949152565733909,0.0,7.0,2,1.2,1.6,4.0,3.8,6.4,1.6133748,1.1163378000000002,1.705276938557582,1.3131314,1.44567,1.6127003588275406,0.0,7.0,1,0.30819755327279963,0.2837070170729697,0.4080954296542306,A,True
2025-2026,2025-08-30,Wolves,Everton,2,3,A,1,2,A,12,10,4,4,2,2,15,10,0,1,0,0,M Oliver,0.943257,2.03791,1507.2434242945924,1590.0851325791627,-7.229082229821867,7.4598429288428765,-82.84170828457036,0.6,2.4,3.2,5.4,6.4,0.8329006,1.8305320000000005,0.9045016844417914,1.4337412,1.6724359999999998,0.983848247705609,0.2,7.0,2,1.6,0.4,4.4,4.2,3.2,1.5104516,1.576822,1.5020667121759417,1.0500732,1.1882504,1.330496601149554,0.0,6.0,2,0.3874274334458479,0.2799216108206972,0.33265095573345477,H,False
2025-2026,2025-08-31,Aston Villa,Crystal Palace,0,3,A,0,1,A,13,6,4,4,10,1,7,14,2,3,0,0,S Attwell,1.20586,2.59713,1649.6336286796984,1635.3996625776638,-3.1213596720195285,5.896988063743921,14.233966102034628,0.6,0.6,3.2,4.0,4.8,0.889009,1.4077892,0.9340832583052424,1.7973082000000002,0.9732466,1.2308649836072518,0.2,8.0,1,1.6,0.8,6.6,2.2,2.2,1.844078,1.3709344,1.980110438572288,2.262926,1.6693804,1.698733955259374,0.6,7.0,2,0.4066660488091981,0.28858023979507175,0.30475371139573015,H,False
2025-2026,2025-08-31,Brighton,Man City,2,1,H,0,1,A,12,12,7,3,3,2,16,14,2,2,0,0,D England,2.20864,2.13418,1603.8225655575732,1787.3702618402672,4.935867293699312,-2.7633814658389264,-183.547696282694,2.0,1.2,6.0,3.0,4.8,2.046324,1.6711286,2.197948467321005,1.8595926,1.7662866000000002,1.896209373381209,0.2,7.0,1,1.8,0.6,4.6,2.6,7.4,1.837636,1.023313,1.853143325527855,1.7821348,0.9848802,1.7988621556279394,0.2,8.0,1,0.30165281366827107,0.2803809667743888,0.41796621955733987,A,False
2025-2026,2025-08-31,Liverpool,Arsenal,1,0,H,0,0,D,9,11,3,1,3,8,7,10,2,2,0,0,C Kavanagh,0.481404,0.485679,1820.8565251716132,1803.2392122486676,-1.7869826469270886,3.544331286501972,17.617312922945985,2.4,2.0,5.4,6.0,4.8,2.1419338,1.8633379999999995,2.363806224886103,2.187634,1.4308343999999995,2.061539987399257,0.4,6.0,1,2.2,0.6,5.4,4.0,5.0,1.96453,1.4249190000000005,2.0070660868053705,2.028436,1.2286246,1.9412459179001376,0.2,8.0,2,0.494118174689029,0.24851026161944545,0.2573715636915257,H,True
2025-2026,2025-08-31,Nott'm Forest,West Ham,0,3,A,0,0,D,11,12,3,8,9,7,14,6,0,0,0,0,C Pawson,0.716018,2.236,1613.8052944028332,1488.563868884008,1.950003323836189,-3.305874580483954,125.24142551882504,1.6,1.2,3.4,4.0,5.2,1.7164319999999995,1.1631454,1.7777011405675558,1.2398572,1.328858,1.3640619711253628,0.4,7.0,2,1.4,2.2,4.6,5.2,5.4,1.1030411999999998,2.0055726,1.1247616471825324,1.2786993999999998,1.3307366000000005,1.0641013747859651,0.0,9.0,1,0.5177271170063221,0.26053630543299733,0.2217365775606805,H,False
2025-2026,2025-09-13,Arsenal,Nott'm Forest,3,0,H,1,0,H,16,5,5,1,8,4,8,11,1,1,0,0,D England,2.8817,0.293681,1793.7458451364732,1590.2567466321325,1.392167528993004,-1.6155479311009155,203.48909850434077,1.8,0.4,4.2,3.6,6.4,1.6240758,0.9718358000000002,1.5911806999557534,1.7281778000000003,1.3829328,1.6765973873728397,0.0,13.0,1,1.2,1.4,3.2,4.4,6.2,1.5058176,1.3644474,1.5947695715033734,1.1279284,1.8657194,1.246235794557115,0.2,13.0,1,0.6530643473366228,0.2137850106758045,0.1331506419875727,H,True
2025-2026,2025-09-13,Bournemouth,Brighton,2,1,H,1,0,H,13,6,5,2,4,4,16,10,4,4,0,0,P Bankes,1.44187,0.624923,1610.9099629562163,1618.6633152430015,1.8594028346154985,5.211660233076524,-7.75335228678523,1.4,1.4,4.4,3.4,6.0,1.8328508,0.9257198000000002,1.9179125052227417,1.599896,0.9272498,1.7049548390407148,0.0,14.0,1,2.0,1.4,7.0,3.0,4.6,2.205544,1.9511746000000003,2.433622999253437,1.825396,1.557377,1.9530149418573528,0.2,13.0,1,0.4007802713442994,0.2737084013437577,0.325511327311943,H,True
2025-2026,2025-09-13,Brentford,Chelsea,2,2,D,1,0,H,7,16,4,6,5,6,13,9,3,2,0,0,S Attwell,1.17533,0.755999,1582.2487514014242,1698.1478699532854,-6.527012273497538,6.623864860642129,-115.8991185518612,1.2,1.8,4.4,4.6,3.8,1.66065,1.4059844,1.702847742677123,2.29277,1.2895324,1.671371666892827,0.2,14.0,1,1.8,0.2,4.2,2.8,6.6,2.07095,0.9333424,2.1414269068974456,1.6270291999999995,1.1792728,2.03018125376074,0.2,14.0,1,0.33373157915088214,0.2875978693449512,0.3786705515041666,A,False
2025-2026,2025-09-13,Crystal Palace,Sunderland,0,0,D,0,0,D,14,6,6,0,5,3,10,8,1,1,0,0,T Bramall,1.75805,0.354129,1653.6162130639805,1375.2272362880703,6.980250991643834,3.832596316918,278.3889767759101,1.8,0.8,5.4,2.8,0.8,1.566412,1.4507479999999997,1.7252497865984295,1.1817086,1.0663846000000003,1.8620786906667608,0.6,13.0,1,1.2,2.0,2.8,6.2,3.0,0.8765292,1.9174636,0.9107159584127392,0.8975587999999999,1.9251018,1.029974799657853,0.0,14.0,1,0.7277490076251054,0.18996882089784636,0.082282171477048,H,False
2025-2026,2025-09-13,Everton,Aston Villa,0,0,D,0,0,D,20,7,2,1,10,3,17,15,3,3,0,0,S Hooper,1.8927,0.354327,1597.7449379935372,1631.4170781933817,5.700566345058301,-8.449542459675413,-33.672140199844534,1.6,0.6,3.8,3.8,2.6,1.6528256,1.5237354,1.63109380519927,1.4666302,1.512324,1.4591172191223625,0.0,14.0,1,0.4,1.2,3.4,4.0,6.8,0.905429,1.7226712,0.95578559258772,1.4588328000000002,1.3779052000000005,1.2263186229513878,0.2,13.0,1,0.3767897341067287,0.29527010798344483,0.32794015790982645,H,False
2025-2026,2025-09-13,Fulham,Leeds,1,0,H,0,0,D,5,10,3,3,3,3,20,15,1,2,0,0,C Pawson,1.13979,0.830398,1564.6688010604566,1436.620940291721,-1.0992531437262518,-1.0153041999272596,128.04786076873577,1.0,1.6,3.8,4.8,4.0,1.4255642,2.061638,1.5797175122181142,1.4227504000000002,1.49788,1.2790072428324042,0.4,14.0,1,0.6,2.4,2.0,4.8,6.2,1.0105198,1.6457486,1.0777629047432034,0.6710486,2.40144,1.076724356863104,0.2,14.0,1,0.5466846155696004,0.2634279054329214,0.1898874789974782,H,True
2025-2026,2025-09-13,Newcastle,Wolves,1,0,H,1,0,H,16,8,4,3,10,4,10,17,1,4,0,0,C Kavanagh,1.19186,0.375942,1657.8206133645124,1499.583618880218,-6.492666768539321,-6.06868631498827,158.23699448429443,0.4,1.0,3.8,3.6,7.4,1.4146949999999998,0.7749659999999999,1.6218840856063246,2.2475359999999998,0.9736916,1.612912882596366,0.4,14.0,1,1.0,2.6,3.4,5.8,5.4,0.8747619999999998,1.955606,0.9499479189632976,1.0844192,1.2681218,0.9764680208500436,0.2,14.0,1,0.6223782169871069,0.22759643632273033,0.15002534669016293,H,True
2025-2026,2025-09-13,West Ham,Tottenham,0,3,A,0,0,D,7,14,4,5,2,13,8,7,0,1,1,0,J Gillett,0.793248,1.51402,1512.1124166547088,1546.849293459999,-1.8883339896816111,1.011323019892399,-34.736876805290194,1.6,2.2,5.4,4.8,5.8,1.1182712,1.6862022,1.1626787901802758,0.9745502,1.9632238,1.277173852097608,0.0,13.0,1,1.2,1.4,3.0,5.8,2.2,1.1610132,1.7817176000000003,1.230335310394698,0.9583739999999998,1.7661159999999998,1.1723252099236834,0.0,14.0,1,0.5063719009220421,0.2671168246805371,0.22651127439742066,H,False
2025-2026,2025-09-14,Burnley,Liverpool,0,1,A,0,0,D,3,27,0,4,1,13,9,9,0,2,0,0,M Oliver,0.168041,2.79492,1400.089562214718,1830.3498922838075,-3.5109086687141087,0.3651811105818794,-430.2603300690896,1.2,2.0,3.0,5.6,3.4,1.0193358,2.340844,1.0201519529756395,1.270072,1.771395,1.2240089546998918,0.0,15.0,0,2.2,1.6,5.0,4.8,4.8,1.6888506,1.5228837999999998,1.8256183898282925,2.2143398000000003,1.924119,1.7742425351448463,0.2,14.0,1,0.09864916037441847,0.18575956068602384,0.7155912789395575,A,True
2025-2026,2025-09-14,Man City,Man United,3,0,H,1,0,H,13,12,6,2,2,4,8,8,0,0,0,0,A Taylor,1.99725,1.51915,1772.5295121548388,1542.0854140103795,-3.931862932862448,3.901759041228088,230.4440981444593,2.0,1.0,4.2,4.0,4.8,1.947546,1.437642,2.036968844395255,1.9328626000000004,1.2123518,1.8598290364228596,0.0,14.0,1,1.2,1.0,5.4,2.8,4.4,2.0490304,1.1881684,2.1485785710619547,1.142932,1.956932,1.99937892469052,0.2,15.0,0,0.6306740009032817,0.22470901577688232,0.14461698331983586,H,True
2025-2026,2025-09-20,Brighton,Tottenham,2,2,D,2,1,H,12,11,4,3,2,10,10,13,1,2,0,0,C Kavanagh,1.40466,1.19181,1608.440192862727,1562.605436764719,-0.0147403088894193,6.075579847087427,45.83475609800803,1.6,1.4,5.0,3.0,4.8,1.8949506,1.6265486000000002,2.036872410095988,1.5617606000000002,1.7962346,1.71154367970147,0.2,7.0,1,1.8,1.0,3.8,5.2,4.6,1.359214,1.6022452,1.4188706406613276,0.935404,1.4788115999999998,1.2344515353921044,0.0,7.0,1,0.548413029036868,0.2556483262081781,0.19593864475495376,H,False
2025-2026,2025-09-20,Burnley,Nott'm Forest,1,1,D,1,1,D,12,17,5,8,4,5,12,11,1,1,0,0,T Bramall,1.14159,0.830779,1398.5395166236176,1581.9755331031713,-2.849992845977977,-4.836864398087352,-183.4360164795537,1.0,1.8,2.4,4.6,3.0,0.8628777999999999,2.299352,0.8564866196626111,1.0785182,2.128337,1.0320147811180933,0.0,6.0,1,0.8,1.8,2.4,4.4,5.6,1.1350417999999998,1.7706960000000005,1.229324288746058,0.9931266,1.9153614,1.0730440137285486,0.2,7.0,1,0.2560134477776264,0.2947620302487145,0.44922452197365925,A,False
2025-2026,2025-09-20,Fulham,Brentford,3,1,H,2,1,H,14,8,3,3,2,10,11,13,4,1,0,0,M Oliver,1.52431,0.826556,1571.141561454324,1585.46613043521,-2.0607106911881776,-3.627526840504959,-14.324568980885942,0.6,1.2,3.0,4.2,4.0,1.3300402000000002,1.7416276,1.449786439408052,1.3051804,1.3826836,1.253695016862876,0.4,7.0,1,1.2,1.6,4.0,4.4,3.8,1.4096259999999998,1.2337021999999995,1.4601379359356508,1.5168940000000002,1.16474,1.5811822729123128,0.4,7.0,1,0.41523298895358596,0.2920143199219106,0.2927526911245033,H,True
2025-2026,2025-09-20,Liverpool,Everton,2,1,H,2,0,H,11,9,3,2,5,4,11,10,2,3,0,0,D England,1.06166,0.721371,1831.899937874908,1598.7110770853471,3.8569662947129593,4.848218798252123,233.18886078956075,2.0,1.0,4.8,2.4,6.8,1.6348346,1.1209139999999995,1.69652558330526,1.9981108,1.2347742,1.9598202560276012,0.2,6.0,1,1.2,0.6,3.2,3.6,3.8,1.4957796,1.3845508,1.57898540172286,1.2055832,1.292112,1.5379504520092055,0.2,7.0,1,0.7578225835183529,0.16394676011457773,0.0782306563670695,H,True
2025-2026,2025-09-20,Man United,Chelsea,2,1,H,2,0,H,11,5,4,1,5,5,13,14,0,5,1,1,P Bankes,1.34458,0.469843,1534.7448013177834,1694.9304909194996,3.65667483298664,4.7573507236072015,-160.18568960171615,1.2,1.4,5.6,3.4,4.8,2.285334,1.3284764,2.432654743123968,2.362804,1.0678931999999997,1.9120645747467888,0.2,6.0,1,2.0,0.6,4.8,3.4,6.4,1.9630078,1.100882,2.0378750033054303,1.482571,1.1420928,1.7985117530769692,0.4,7.0,1,0.3205898246486422,0.28255361425968917,0.3968565610916687,A,False
2025-2026,2025-09-20,West Ham,Crystal Palace,1,2,A,0,1,A,8,18,3,3,8,8,15,5,3,3,0,0,T Harrington,0.466365,2.33565,1496.356273349989,1646.9687631513068,-3.474488889431368,3.4011528578764065,-150.6124898013179,1.4,2.4,5.2,4.8,4.6,1.1068294,1.5594942,1.1450415043314532,0.9516334,1.8762898,1.1891873335344063,0.0,7.0,1,1.0,0.4,4.6,2.2,1.8,1.58112,1.2358017999999995,1.703988563530966,2.307256,1.4446584000000002,1.843164383272804,0.8,7.0,1,0.35381380603195917,0.2946043167233835,0.3515818772446573,H,False
2025-2026,2025-09-20,Wolves,Leeds,1,3,A,1,3,A,16,6,6,4,4,0,11,9,1,1,0,0,A Taylor,1.5661,0.456988,1493.8472448994037,1430.1481798978534,-4.966352959918424,0.0127348441146073,63.69906500155025,0.6,2.0,3.4,4.6,4.2,0.6641784,1.8570760000000004,0.7246582312286952,1.1764386,1.754244,0.867281471604581,0.2,7.0,1,0.4,2.0,2.0,3.6,5.8,1.0474338,1.3777046,1.11998348006033,0.6221642000000001,2.341872,1.0319377465243578,0.2,7.0,1,0.4847783791523272,0.2866673368997414,0.22855428394793137,H,False
2025-2026,2025-09-21,Arsenal,Man City,1,1,D,0,1,A,12,5,3,3,11,2,11,10,1,2,0,0,S Attwell,0.718575,1.1227,1802.0270586654344,1779.870124847435,1.5900573995872087,-3.9655066046043976,22.15693381799952,2.2,0.4,4.4,2.8,6.0,1.9684998,0.5813040000000002,1.9408638209247244,2.151044,1.3239524,1.8957069533050503,0.0,8.0,1,2.0,0.8,4.4,4.0,4.6,2.027438,1.5490692,2.106420703021391,2.0713920000000003,1.1799742000000002,1.8848146661641572,0.0,7.0,1,0.5124511629087731,0.2604904481594243,0.22705838893180263,H,False
2025-2026,2025-09-21,Bournemouth,Newcastle,0,0,D,0,0,D,11,4,2,1,5,2,7,10,2,1,0,0,R Jones,0.55066,0.153629,1621.133085336491,1663.556987345327,5.4057935209315975,-3.887039137178442,-42.42390200883574,1.6,1.0,5.0,2.8,6.6,1.928822,0.7311464000000003,1.999218016196852,1.51673,0.8378284,1.6571212319424031,0.0,8.0,1,0.6,0.8,3.6,3.4,8.0,1.2037989999999996,0.6182384000000001,1.325026365375671,1.372097,1.1794107999999996,1.53635781303339,0.4,8.0,1,0.434547353172191,0.2750912732469441,0.2903613735808649,H,False
2025-2026,2025-09-21,Sunderland,Aston Villa,1,1,D,0,0,D,14,12,4,2,6,5,14,8,2,1,1,0,S Barrott,0.938312,0.939354,1381.874686200744,1630.4509391015715,6.086106774798482,-10.55579844428846,-248.5762529008277,1.2,1.6,2.4,4.8,3.0,0.8930062,1.5012636,0.9289389566932484,1.2282396000000002,1.0616348,0.907093745174607,0.2,8.0,1,0.0,1.2,2.2,4.2,5.6,0.6381724,1.996608,0.683726132678564,0.9298442,1.673994,1.0677746915056807,0.4,8.0,1,0.21341970762903648,0.2784373724234201,0.5081429199475433,A,False
2025-2026,2025-09-27,Brentford,Man United,3,1,H,2,1,H,10,14,8,6,4,2,14,10,2,2,0,0,C Pawson,2.78726,2.23609,1569.8480392632262,1549.0542093761442,-6.271787880520807,2.1798296031829,20.793829887081984,1.2,2.0,3.2,3.8,5.2,1.1805452,1.3167862,1.2339862325361055,2.25559,1.1450742,1.443977496019165,0.2,7.0,2,1.2,1.6,4.4,3.4,5.0,1.961732,1.3554005999999998,2.071621340089607,1.2894484,1.828722,1.808885561156464,0.2,7.0,2,0.44616534044741546,0.28133991855974083,0.27249474099284365,H,True
2025-2026,2025-09-27,Chelsea,Brighton,1,3,A,1,0,H,13,12,3,3,5,7,9,16,3,5,1,0,S Hooper,2.02653,2.4751,1680.6210828611388,1607.12856278852,0.2652444251615414,-3.02068840422117,73.49252007261885,2.0,1.0,4.6,3.8,6.6,1.7952283999999998,1.05377,1.8537474636961424,1.8767586,0.8903076000000001,1.556935616153884,0.4,7.0,2,1.2,1.6,4.2,3.2,3.0,1.5526345999999998,1.4943806000000002,1.692891158263412,1.6959286000000002,1.7569579999999998,1.6557466470284754,0.4,7.0,2,0.5341288291944862,0.2610486083358612,0.20482256246965247,H,False
2025-2026,2025-09-27,Crystal Palace,Liverpool,2,1,H,1,0,H,16,20,7,4,2,6,10,8,1,3,0,0,C Kavanagh,3.53323,3.10176,1652.8863616715869,1836.042438260643,3.620474908020012,5.649664025772333,-183.15607658905628,1.2,0.4,4.2,2.2,3.4,1.7653699999999997,0.9448307999999996,1.8281487933117448,1.4445256,0.8827584000000002,1.9327072226777484,0.6,7.0,2,2.2,1.0,4.8,1.8,5.6,1.4629226000000002,0.9823081999999996,1.5052949285619162,2.4920478,1.6121991999999998,1.7965183912953102,0.0,7.0,2,0.2839684176097387,0.29187183029717334,0.4241597520930879,A,False
2025-2026,2025-09-27,Leeds,Bournemouth,2,2,D,1,1,D,19,12,8,5,7,4,12,13,2,2,0,0,M Oliver,2.04728,1.06033,1447.8678844758808,1622.348110778018,5.434669230418606,4.168129281794963,-174.48022630213725,0.8,1.4,2.4,3.4,3.4,0.9005294000000001,1.2842946000000002,0.9561210754066994,1.6724260000000002,1.4896485999999998,0.9274014289744744,0.2,7.0,2,1.2,1.0,4.0,3.0,6.4,1.494056,0.7305318000000002,1.6126935074006377,1.3474134,1.2982376,1.4559464624983298,0.2,6.0,2,0.24762144563469923,0.28345025326754153,0.4689283010977591,A,False
2025-2026,2025-09-27,Man City,Burnley,5,1,H,1,1,D,21,9,8,2,10,2,5,7,1,3,0,0,R Jones,3.22133,0.509491,1780.5069895310098,1403.3778047494895,-5.167737752033028,-0.1838373592852118,377.1291847815203,1.8,1.0,4.0,4.0,3.8,1.7601319999999998,1.2491902,1.857620504197779,1.4128646,1.2485657999999995,1.7462483632252197,0.2,6.0,2,1.0,1.6,2.8,5.0,3.0,0.8747518,2.1495837999999994,0.8858066747338249,1.4659878,2.808692,1.0519375481875308,0.2,7.0,2,0.7902887092109099,0.15107330841580296,0.05863798237328738,H,True
2025-2026,2025-09-27,Nott'm Forest,Sunderland,0,1,A,0,1,A,22,11,6,3,7,4,11,6,4,2,0,0,T Harrington,1.4203,1.94154,1577.1372449772994,1388.015578440433,-4.174297336488209,8.051897807781572,189.12166653686631,1.0,1.8,3.6,5.0,5.2,0.9851695999999996,1.737266,1.032155781548927,1.2982710000000002,1.523986,1.0289958294142671,0.4,7.0,2,1.2,0.8,2.6,3.6,4.0,0.9418698,1.1412403999999998,0.97225272013249,0.8792313999999999,2.111544,0.9127697915064964,0.4,6.0,2,0.6151421731413181,0.23929922536208592,0.14555860149659602,H,False
2025-2026,2025-09-27,Tottenham,Wolves,1,1,D,0,0,D,10,9,3,3,10,9,9,11,3,2,0,0,M Salisbury,0.818711,1.15951,1563.9170668389258,1476.1275403213765,9.08152794241918,-8.989651069904872,87.78952651754958,2.0,0.6,4.0,4.4,6.2,1.227046,1.2599292000000002,1.2771295526322977,1.4422184,2.102724,1.226698528957176,0.2,7.0,2,0.6,2.4,3.4,4.0,3.4,0.7556204,1.5540816000000004,0.7861962160245473,0.5976876000000001,1.3320225999999995,0.9943393858582936,0.0,7.0,2,0.48693107651283596,0.27848624470166183,0.23458267878550204,H,False
2025-2026,2025-09-28,Aston Villa,Fulham,3,1,H,1,1,D,9,11,4,4,2,8,10,13,1,4,0,0,A Madley,1.36575,0.952612,1624.3100468618827,1586.759652626308,-7.445250050750387,2.3925116273522398,37.550394235574686,0.2,1.0,2.4,3.0,6.0,0.7589988,1.5917523999999998,0.7890219035383481,1.5117822,1.2991346,1.0444254748682842,0.6,7.0,1,1.2,1.0,3.0,3.8,4.2,1.1913082000000002,1.4150928000000005,1.2397953011489529,1.1909816,1.7057282,1.302897741069626,0.4,8.0,1,0.5064128436539757,0.27643010294411247,0.21715705340191188,H,True
2025-2026,2025-09-28,Newcastle,Arsenal,1,2,A,1,0,H,8,20,3,7,7,12,8,9,2,1,0,0,J Gillett,0.739851,2.07048,1662.3419619037995,1801.3901939818595,-1.5248936558194597,1.250092029604786,-139.04823207805998,0.6,0.6,2.6,2.6,6.0,1.0027047999999996,0.5138124,1.1149043516907118,2.0200139999999998,0.573784,1.2849525743000465,0.6,7.0,1,2.0,0.4,3.4,3.0,6.6,1.6307928,0.6862152000000001,1.696163789735562,1.8449518000000005,1.0791554,1.6816829617950413,0.2,7.0,1,0.33611472368740786,0.2895364520380362,0.37434882427455574,A,True
2025-2026,2025-09-29,Everton,West Ham,1,1,D,1,0,H,12,14,6,3,3,5,7,16,3,4,0,0,S Barrott,0.909703,0.775766,1594.568576699612,1490.438674829709,1.4145681514407151,-6.730465523925703,104.12990186990304,1.2,1.0,2.4,3.0,4.0,1.4254958000000002,1.3650628,1.5144497091962863,1.5994202,1.3025694,1.3894814607348045,0.2,9.0,1,1.0,2.6,4.6,4.6,6.2,1.0066266,1.8480052,1.066530930007962,1.4327033999999998,1.1881362000000002,1.0577650910736054,0.0,9.0,1,0.4654413435744532,0.2801419491889221,0.2544167072366248,H,False
2025-2026,2025-10-03,Bournemouth,Fulham,3,1,H,0,0,D,11,12,6,4,4,3,8,10,0,1,0,0,S Hooper,1.33458,0.84335,1617.7096984349605,1573.374550475559,4.64270490378065,-0.5558820489844873,44.33514795940118,1.2,0.6,4.4,2.6,5.8,1.391516,0.6739738000000002,1.4382272903741675,1.504872,0.4864761999999999,1.3840161965895426,0.4,6.0,2,1.2,1.4,3.4,3.8,5.2,1.201254,1.4002268,1.2508155069039746,0.982384,1.791762,1.2392094245115122,0.2,5.0,2,0.5093349530196137,0.27221394899654716,0.2184510979838391,H,True
2025-2026,2025-10-04,Arsenal,West Ham,2,0,H,1,0,H,21,4,5,0,8,3,14,14,0,2,0,0,J Brooks,3.0585,0.864549,1807.5888821417436,1493.349146372732,1.7477106824719186,-1.010299278762253,314.2397357690116,2.2,0.6,4.2,2.2,8.2,1.7788087999999995,0.5588794000000001,1.8822283619554196,1.910461,1.0474624,1.7523733323777608,0.2,6.0,2,1.2,2.2,4.4,4.8,5.8,1.0499902,1.8850722,1.1310224654497147,1.3395886,1.1112108,1.0064925290602225,0.2,5.0,2,0.7581149980518244,0.16026774436582286,0.08161725758235275,H,True
2025-2026,2025-10-04,Chelsea,Liverpool,2,1,H,1,0,H,12,12,6,2,7,2,9,8,0,2,0,0,A Taylor,1.23721,2.05981,1662.4946472627596,1821.2103237177705,-3.105210161203305,1.2809830266005755,-158.7156764550109,2.2,1.6,4.6,3.6,5.4,1.9269484,1.341962,1.9898306886069488,2.1284020000000003,1.20196,1.642316413216814,0.2,7.0,2,1.6,1.0,3.6,2.6,5.6,1.6172606000000005,1.3743481999999996,1.691325902385394,2.2069878,2.2724041999999995,2.033835047423436,0.0,7.0,2,0.3429547883251208,0.2849737850757721,0.3720714265991071,A,False
2025-2026,2025-10-04,Leeds,Tottenham,1,2,A,1,1,D,16,9,4,3,4,1,10,12,2,3,0,0,T Bramall,1.48051,0.688198,1452.5062968189386,1561.4427178374494,3.469716422157454,6.197484632901403,-108.93642101851084,1.0,1.8,3.4,4.2,3.4,0.8337454000000001,1.361493,0.8949552079143739,1.662592,1.2845266,1.1310157146154791,0.4,7.0,2,1.6,0.8,3.4,4.2,7.0,0.9950722,1.3450036000000003,1.067797274383116,1.0712036,1.2575356000000002,1.1525189782376897,0.4,7.0,2,0.31822772087160667,0.28998747244663525,0.3917848066817581,A,True
2025-2026,2025-10-04,Man United,Sunderland,2,0,H,2,0,H,15,8,6,3,2,3,10,12,1,4,0,0,S Attwell,1.9298,0.807119,1534.9508808199223,1402.9782091435782,0.1012828710482367,5.9063520118516895,131.97267167634436,1.4,2.0,4.2,4.4,4.8,2.1336439999999994,1.6467725999999998,2.210189047329849,2.403788,1.1242989999999995,1.886559095491652,0.2,7.0,2,0.8,0.8,2.2,4.0,3.8,1.1853042,1.3135108,1.2333290261792906,0.8765353999999999,2.152136,1.099818920323497,0.4,7.0,2,0.598581539192395,0.2464757935236425,0.1549426672839625,H,True
2025-2026,2025-10-05,Aston Villa,Burnley,2,1,H,1,0,H,15,5,7,2,6,4,9,15,3,1,0,0,A Kitchen,1.73572,0.502292,1637.6951490126316,1399.53812279107,-4.816747846337729,1.4373997582533895,238.15702622156164,0.8,1.2,2.6,3.2,5.8,0.9684286,1.5020788,1.0070304396652383,1.1741902,1.235305,1.1028481158013237,0.4,7.0,2,1.2,2.0,2.4,5.4,2.4,0.8298224000000001,2.3981338,0.8581209164393059,1.08321,3.057326,0.9533109030625252,0.2,8.0,1,0.6927926814030709,0.20555296745239984,0.10165435114452923,H,True
2025-2026,2025-10-05,Brentford,Man City,0,1,A,0,1,A,6,10,1,4,3,2,10,6,3,2,0,0,D England,0.693758,1.09647,1583.9513678194478,1784.3466714894294,-0.4235070647335355,-5.61610142894607,-200.3953036699816,1.6,1.6,4.2,4.0,5.0,1.4729652,1.4129041999999998,1.5273195105067092,2.22201,1.3440782,1.688210678561135,0.2,8.0,1,2.0,1.2,4.8,3.8,4.6,1.944592,1.2472012,1.9941197224980995,1.919954,1.1603232,2.0144450244569976,0.2,8.0,2,0.2798967177018641,0.2764993676440767,0.4436039146540593,A,True
2025-2026,2025-10-05,Everton,Crystal Palace,2,1,H,0,1,A,14,15,7,8,2,4,13,16,2,3,0,0,M Salisbury,2.13876,2.17789,1591.6581051565893,1667.718476214459,3.725109119708878,6.332065283283514,-76.06037105786982,1.4,1.0,3.4,3.0,4.2,1.4725688,1.043976,1.5674934718928764,1.6179948,1.0817445999999995,1.3022490133284763,0.4,6.0,1,1.6,0.6,4.8,2.4,3.4,2.265188,1.2915968,2.46155335822572,2.273356,1.1536334,2.2237113640090667,0.4,8.0,1,0.36894181823835387,0.29544187822508433,0.3356163035365619,H,True
2025-2026,2025-10-05,Newcastle,Nott'm Forest,2,0,H,0,0,D,18,5,9,4,8,1,16,15,0,4,0,0,P Bankes,3.81662,0.337689,1656.1432737439156,1562.1746142741542,-2.716113062059132,-10.194438581660169,93.9686594697614,0.8,1.0,2.6,3.4,6.2,0.8704789999999998,0.8641881999999999,0.98223518034066,1.3449061999999996,0.9624393999999998,1.1858431971545833,0.4,7.0,2,0.4,1.8,3.8,5.0,5.6,0.9181295999999998,1.860542,0.9202197382170711,1.047746,1.6631994,1.1001420422480366,0.4,8.0,1,0.5298053457100436,0.259005063423934,0.21118959086602243,H,True
2025-2026,2025-10-05,Wolves,Brighton,1,1,D,1,0,H,6,17,3,6,2,8,13,9,2,4,0,0,J Gillett,0.369404,1.39158,1478.601889322853,1625.2549983868992,-7.278481201012653,0.875971961641623,-146.65310906404648,0.8,1.8,3.4,3.8,4.4,0.8836352,1.2580178000000002,0.9028757499474204,0.9743266,1.6356856,1.024370406611331,0.2,8.0,1,1.6,1.6,4.0,3.4,3.6,1.7596385999999995,1.71911,1.9451406839110248,1.9427346,1.571232,1.8047199839323889,0.2,8.0,1,0.3165908013219497,0.30006629668780355,0.38334290199024684,A,False
2025-2026,2025-10-18,Brighton,Newcastle,2,1,H,1,0,H,13,16,5,3,8,4,9,9,0,1,0,0,C Pawson,0.857104,1.28313,1621.2680041808535,1667.1824320860692,3.4890877246560805,0.701941923740763,-45.91442790521569,1.8,1.4,4.4,3.4,4.8,1.6209805999999998,1.4327588000000004,1.7822106072041073,1.5838266,1.7863285999999998,1.7296036232174088,0.4,13.0,1,0.8,0.4,3.8,3.4,6.4,1.241119,0.8024142,1.302102065808329,1.1484708,0.6788007999999996,1.6641662522173863,0.4,13.0,1,0.425742845499798,0.27941527582821724,0.29484187867198464,H,True
2025-2026,2025-10-18,Burnley,Leeds,2,0,H,1,0,H,4,19,3,4,1,5,10,7,2,1,0,0,T Robinson,0.509647,2.33152,1395.488769043516,1445.54287649491,-2.2093958117698462,2.9548090612084272,-50.054107451393975,1.0,2.4,2.4,6.6,2.4,0.7295187999999999,2.5210238,0.7839771686703088,0.9363962,2.1166038,0.871307466142066,0.2,13.0,1,1.2,1.2,4.0,3.8,3.8,1.0984952,0.9516106,1.1655874721548507,0.4461798,2.151646,1.1945601301399371,0.4,14.0,1,0.31054377702210095,0.29693252286420324,0.39252370011369586,A,False
2025-2026,2025-10-18,Crystal Palace,Bournemouth,3,3,D,0,2,A,20,8,7,5,6,5,8,16,1,4,0,0,J Gillett,4.56284,2.0471,1655.563597937504,1630.805918432305,4.032787071968074,5.711774696584871,24.75767950519912,1.6,0.8,5.6,3.6,4.0,2.48039,1.4533747999999995,2.6867483004578907,2.0836080000000003,1.3702918,2.215380206916509,0.2,13.0,1,1.6,0.8,4.8,3.2,5.0,1.301508,0.7679704000000002,1.3577079688069098,1.4266607999999998,1.64013,1.3750277972096256,0.4,15.0,0,0.476639743010038,0.27534235908570853,0.24801789790425344,H,False
2025-2026,2025-10-18,Fulham,Arsenal,0,1,A,0,0,D,9,16,0,5,6,10,11,4,0,0,0,0,A Taylor,0.502332,2.07823,1560.2783304782145,1811.811981991105,-2.936173716843193,1.7145539484875538,-251.53365151289063,1.2,1.8,3.4,4.4,4.0,1.0392579999999998,1.3579368000000005,1.0944624941619845,1.5488180000000005,1.3976508,1.167234983691237,0.0,15.0,0,1.6,0.6,4.2,2.0,9.4,1.8429868,0.7004370000000002,1.9673625289979284,1.6963238000000005,1.1885498,1.989850908309077,0.2,14.0,1,0.1898989801534965,0.2481527779835723,0.5619482418629312,A,True
2025-2026,2025-10-18,Man City,Everton,2,0,H,0,0,D,19,5,7,1,11,3,8,14,0,2,0,0,T Harrington,2.4799,0.794622,1789.143430671532,1603.8129834335443,0.3546337662529246,2.7455701708763054,185.33044723798756,2.2,0.8,4.8,3.0,3.6,1.914386,1.1299228,1.971121345987232,1.7846666,0.978652,1.847540474555725,0.2,13.0,1,1.4,1.2,4.2,3.8,4.2,1.5400888,1.06258,1.6538126857043487,1.1664898,1.3507814000000002,1.454341919996026,0.4,13.0,1,0.6453316558901856,0.22203859681192778,0.1326297472978866,H,True
2025-2026,2025-10-18,Nott'm Forest,Chelsea,0,3,A,0,0,D,12,17,2,6,5,2,13,16,2,2,0,1,C Kavanagh,2.0555,2.5583,1551.1354559320007,1676.769539673946,-12.53396769416644,-2.2175864554730764,-125.63408374194525,0.2,2.0,4.4,6.0,5.2,0.7196933999999997,2.40349,0.7046886334564564,1.4482096,1.608186,0.9615142163847572,0.2,13.0,1,1.6,1.6,4.4,3.2,5.8,1.3843963999999995,1.5582096,1.5011082936333886,1.4261956,1.3497844,1.5686607017228478,0.2,14.0,1,0.30977253926667647,0.28440710904989,0.40582035168343367,A,True
2025-2026,2025-10-18,Sunderland,Wolves,2,0,H,1,0,H,8,16,2,3,3,2,5,12,0,0,0,0,R Jones,1.02481,0.676323,1393.4168394744777,1482.5888835288984,6.83100289854403,-4.930908153138842,-89.17204405442067,0.8,0.8,2.6,4.8,3.8,1.122474,1.4987088,1.1903538895351886,1.18766,0.9638756,1.046600752991952,0.4,14.0,1,1.0,1.8,3.8,4.2,4.2,0.8828425999999998,1.1794098000000002,0.9035482092084332,0.7920268,1.2678328,0.9052856054092708,0.4,13.0,1,0.28413146410313106,0.2990415891877525,0.41682694670911663,A,False
2025-2026,2025-10-19,Liverpool,Man United,1,2,A,0,1,A,19,12,6,4,9,4,8,14,0,2,0,0,M Oliver,2.60972,2.53117,1806.935431306584,1544.512250489023,-2.784218773005861,1.7746044732581163,262.4231808175612,1.2,1.0,3.2,3.2,5.8,1.8999108,1.2291062,2.003972318881828,1.7082348,1.2764859999999998,2.03855776607372,0.0,15.0,0,1.6,1.8,4.8,4.2,4.0,2.210398,1.4775303999999998,2.2462805193448614,1.3545884,2.264184,1.8944210781295328,0.0,15.0,0,0.6962961632531022,0.19452705216647354,0.10917678458042428,H,False
2025-2026,2025-10-19,Tottenham,Aston Villa,1,2,A,1,1,D,9,8,3,2,6,6,11,7,2,0,0,0,S Hooper,1.51461,0.352231,1568.406138161478,1641.7445027601857,2.578785338928633,-1.5778251839025537,-73.33836459870759,1.6,1.0,3.0,4.2,6.8,0.8766818000000001,1.3916056,0.8917217111470734,1.1254806,2.2230896,1.0680969821944732,0.4,15.0,0,1.2,1.2,3.6,3.2,5.2,1.1202022,1.3766092,1.1243440037076065,0.7459030000000001,1.5891924000000004,1.2179157311101736,0.4,14.0,1,0.34980938335887185,0.2870284094582504,0.36316220718287795,A,True
2025-2026,2025-10-20,West Ham,Brentford,0,2,A,0,1,A,7,22,1,7,6,10,10,10,1,1,0,0,A Madley,0.260251,3.46635,1489.1260465233702,1579.1546086373453,0.1124355278724198,-3.811910814078385,-90.02856211397511,1.0,1.6,3.6,4.4,5.0,1.0271856,1.7067782,1.1204471441052086,0.8480603999999999,2.1588444,0.9806846146856364,0.2,16.0,0,1.4,1.8,4.0,4.4,5.2,1.3857887999999998,1.4368277999999997,1.4420785604804227,1.3780972,1.3354806,1.5074011006409287,0.2,15.0,0,0.3387390608310905,0.28959896534999746,0.3716619738189121,A,True
2025-2026,2025-10-24,Leeds,West Ham,2,1,H,2,0,H,13,9,5,3,3,4,12,11,3,3,0,0,S Attwell,2.2214,0.498653,1428.3966947368797,1477.9281728951469,-1.644849110968219,-6.836848751912368,-49.53147815826719,1.2,1.6,4.6,4.0,3.8,1.4293391999999998,0.992813,1.449161397471276,1.55556,0.9519302,1.4012801064781304,0.2,6.0,1,0.4,2.0,2.2,5.2,4.8,0.6320357999999998,2.2568446,0.6941148678075743,1.0805284,1.2603368,0.8496966847427935,0.2,4.0,1,0.4194808263081978,0.3002614812040853,0.28025769248771687,H,True
2025-2026,2025-10-25,Brentford,Liverpool,3,2,H,2,1,H,17,18,8,5,5,4,7,10,3,2,0,0,S Hooper,3.27126,2.11838,1590.3524822655686,1790.5523424165851,1.6207461728288273,-7.959509973444502,-200.1998601510165,1.6,1.4,4.6,4.0,6.4,1.7898508,1.1746239999999997,1.8682499074097112,1.6432876,1.3365642000000002,1.8635736277971235,0.2,5.0,1,1.2,1.4,3.8,3.8,7.0,2.325574,1.6382043999999998,2.425660044296875,2.3336098,1.8159582,2.142405444969407,0.0,6.0,1,0.2849722658252511,0.2715053331117608,0.4435224010629882,A,False
2025-2026,2025-10-25,Chelsea,Sunderland,1,2,A,1,1,D,16,10,7,4,9,1,15,13,1,1,0,0,A Madley,1.21332,1.5506,1688.2035835676718,1412.1843413005909,-1.9888572771227069,7.391421002504086,276.0192422670809,1.8,1.6,4.4,3.0,5.0,1.4095763999999995,1.822064,1.5194201711149062,1.6719559999999998,1.328582,1.7485951195914209,0.2,7.0,1,0.8,0.6,2.4,4.6,3.8,1.013182,1.3447654,1.0581066823740506,0.9836104,1.7702859999999998,1.0426387979025062,0.4,7.0,1,0.76224614981944,0.16593246086955846,0.07182138931100152,H,False
2025-2026,2025-10-25,Man United,Brighton,4,2,H,2,0,H,13,17,9,5,1,6,4,13,2,2,0,0,A Taylor,1.96231,0.947154,1560.895339379022,1632.5818878756293,3.761985073728512,2.7837145265255314,-71.6865484966072,1.4,1.6,4.4,4.8,3.4,1.912158,1.7342384,2.1017543271536314,2.3271740000000003,0.8537527999999996,2.010193609378709,0.0,6.0,1,1.8,1.4,4.0,3.4,5.8,1.3506733999999998,1.2625488000000002,1.4463827773587488,1.9385426,1.4983228,1.5709673280869707,0.4,7.0,1,0.35114045493459406,0.2895603579250558,0.3592991871403499,A,False
2025-2026,2025-10-25,Newcastle,Fulham,2,1,H,1,0,H,18,12,7,5,4,3,11,18,0,2,0,0,P Bankes,2.76806,1.52001,1655.8685483912934,1556.471966996338,-0.3904129946437787,-1.6393668128236891,99.39658139495556,1.0,0.8,4.0,4.2,6.2,1.437018,0.8383749999999999,1.5215508818278685,1.7741701999999997,0.9006919999999999,1.594886933632407,0.2,7.0,1,1.2,1.6,2.8,4.2,4.4,0.9924788,1.2871028000000002,1.050126921585689,1.0104966,1.800652,1.046343532111012,0.0,7.0,1,0.5561181168985193,0.25726434677951554,0.18661753632196487,H,True
2025-2026,2025-10-26,Arsenal,Crystal Palace,1,0,H,1,0,H,10,7,3,1,4,3,6,11,0,0,0,0,T Bramall,0.856175,0.350534,1815.6183454729817,1654.8522183022394,4.374500067301679,0.2472010476518049,160.7661271707423,1.8,0.4,5.0,1.4,9.8,2.161497,0.7046226000000002,2.281797923459384,2.111193,0.9368062,2.005919834071063,0.2,8.0,1,1.6,1.4,6.2,3.8,5.0,2.873532,1.6216227999999997,3.1076540992321244,1.911842,1.4200270000000004,2.6421910783862343,0.4,8.0,1,0.663344020029214,0.19955136921758188,0.13710461075320407,H,True
2025-2026,2025-10-26,Aston Villa,Man City,1,0,H,1,0,H,9,18,3,4,5,6,8,16,1,4,0,0,M Oliver,0.843906,1.36914,1649.6644569517423,1796.823520824013,3.649475751672162,4.858801733834867,-147.1590638722705,1.6,0.8,3.2,3.0,4.4,0.9494764,1.1601052,0.9350611004189202,1.2633082,1.195206,1.06051850727196,0.4,7.0,1,2.4,0.4,5.6,1.8,5.4,1.98353,0.8471192000000001,2.0450479826079238,1.822322,1.2716758,1.9625149337274117,0.2,8.0,1,0.27671376639166545,0.28014772386579817,0.4431385097425363,A,False
2025-2026,2025-10-26,Bournemouth,Nott'm Forest,2,0,H,2,0,H,13,8,5,4,6,4,17,7,3,1,0,0,S Barrott,0.656601,0.305493,1631.5172980675695,1539.7014120382748,4.1214670222706,-10.111066918771485,91.81588602929467,2.0,1.4,4.6,4.4,4.4,1.286908,1.6464044000000002,1.3698763423811804,1.567244,0.4303942,1.4972227431715115,0.6,8.0,1,0.2,2.0,4.2,5.6,4.4,0.9875897999999996,2.46795,1.022123468727017,0.9879158,1.9584494,1.1604207224966194,0.2,8.0,1,0.5427106144167034,0.252757735257118,0.20453165032617876,H,True
2025-2026,2025-10-26,Everton,Tottenham,0,3,A,0,2,A,12,7,2,4,9,8,9,8,2,0,0,0,C Pawson,1.4032,2.09327,1596.1328932810632,1560.4861839699213,-0.3224089424948273,2.7273781019844567,35.64670931114188,0.8,1.2,3.6,4.4,4.4,1.2914312000000003,1.3699086,1.4338215236193994,1.8840506,1.2886205999999998,1.334392843633112,0.4,8.0,1,1.8,1.2,3.4,3.4,8.0,1.1454698,1.0380318000000002,1.186807996235619,1.0394388,1.3233056,1.1492811672500234,0.4,7.0,1,0.4241901591094099,0.28608507427176083,0.2897247666188295,H,False
2025-2026,2025-10-26,Wolves,Burnley,2,3,A,2,2,D,15,11,7,7,5,3,12,7,1,0,0,0,T Harrington,2.58132,1.54544,1463.8213817027852,1412.6349508015462,-7.152447435486584,2.5090777173656367,51.18643090123896,0.6,1.6,3.6,3.8,4.2,0.8294557999999999,0.9767898000000004,0.8292203325714566,0.9014174,1.6314936,0.8636560407894034,0.4,8.0,1,1.0,1.8,2.4,6.2,2.4,0.5662122,2.1828538,0.6106681765136683,0.8044864,2.792076,0.8055510177525994,0.2,8.0,1,0.5350330080767361,0.27388984330421745,0.1910771486190465,H,False
2025-2026,2025-11-01,Brighton,Leeds,3,0,H,1,0,H,14,5,7,2,4,7,10,7,0,1,0,0,M Oliver,2.64127,0.35919,1614.5301153292291,1439.8127448772148,1.2179844933004234,1.9329129958723184,174.7173704520144,2.0,1.8,4.6,4.2,6.2,1.4151195999999997,1.3666368000000002,1.5092779210245768,1.6176748,1.7154006000000002,1.4575467229802486,0.4,7.0,2,1.6,1.6,5.0,4.0,3.8,1.7075395999999998,0.8645856000000001,1.713664304165447,0.8842990000000001,1.6866314,1.5503928143911976,0.2,8.0,2,0.5991186110985067,0.23490289169891618,0.16597849720257724,H,True
2025-2026,2025-11-01,Burnley,Arsenal,0,2,A,0,2,A,3,12,0,8,1,6,10,13,2,1,0,0,C Kavanagh,0.679177,2.51649,1424.0976473510916,1821.295343411344,5.111626145494792,3.8536569491819193,-397.1976960602524,1.6,2.0,3.8,6.8,2.8,0.8416920000000001,2.1401338,0.8712914151656002,0.7810615999999999,1.7316218,0.9400762872521268,0.2,6.0,2,1.4,0.4,4.6,1.4,9.0,1.756392,0.7159932000000002,1.8596912876240643,1.6743798000000003,0.7396522,1.796875318785415,0.2,6.0,2,0.07892843267018369,0.1632089490209272,0.7578626183088892,A,True
2025-2026,2025-11-01,Crystal Palace,Brentford,2,0,H,1,0,H,9,6,2,2,6,5,7,11,0,3,0,0,P Bankes,0.734558,0.820498,1649.175220363877,1605.5516195483358,0.4412914425140625,4.017097822625099,43.623600815541295,1.6,1.6,5.2,4.4,4.6,2.5920288,1.7220319999999998,2.870149795012896,2.528102,1.6523438,2.2255261550432826,0.2,6.0,2,1.8,1.4,5.4,3.8,6.4,2.2090368,1.4471002,2.383113656697909,1.8072132,1.2440442,2.1195166045612828,0.0,7.0,2,0.46630027568875626,0.2664546488129258,0.26724507549831794,H,True
2025-2026,2025-11-01,Fulham,Wolves,3,0,H,1,0,H,19,5,6,2,10,1,13,14,1,3,0,1,J Brooks,1.91207,0.209934,1549.2572543332926,1452.3586851532398,-4.376861424206252,-8.297711949232816,96.89856918005285,1.2,2.0,3.2,5.0,4.4,1.0685228,1.6746352000000002,1.1673923310130423,1.4075464000000002,1.5480888,1.132464708090828,0.0,7.0,2,1.0,2.0,4.4,4.4,4.4,1.2705314,1.0475058000000002,1.2323161264612654,0.8028004000000001,1.3009022,1.1759585788276936,0.4,6.0,2,0.4816074944831168,0.27635376793494176,0.24203873758194144,H,True
2025-2026,2025-11-01,Liverpool,Aston Villa,2,0,H,1,0,H,16,10,4,3,1,4,13,11,2,3,0,0,S Attwell,1.47021,0.43502,1775.353205133818,1663.663691711332,-11.309346548217984,6.642550521952073,111.6895134224858,1.4,2.0,4.0,5.4,5.2,2.1902660000000003,2.2588482,2.353104387251085,1.6808148000000005,1.34513,2.1380371822476967,0.0,7.0,2,1.8,0.8,3.6,3.4,4.8,1.0473922,1.0553932,1.0617578976882631,0.5915972,1.6875704000000002,1.021134415040695,0.2,6.0,2,0.5835012832473004,0.23964861219407743,0.17685010455862196,H,True
2025-2026,2025-11-01,Nott'm Forest,Man United,2,2,D,0,1,A,17,18,3,7,8,5,10,7,1,1,0,0,D England,1.55066,0.91622,1528.5756508978857,1578.9471119254222,-10.679976441057155,8.84046212152777,-50.371461027536725,0.2,1.8,4.8,5.6,4.4,0.9899521999999996,2.0229302,1.0183405407794213,1.5054916,1.873948,1.004979318406325,0.2,6.0,2,2.2,1.4,5.8,4.6,2.8,2.00079,1.5242191999999997,2.169873467954592,1.6340144,2.0686539999999995,2.00148749858258,0.0,7.0,2,0.3919689738932011,0.284631839169093,0.3233991869377061,H,False
2025-2026,2025-11-01,Tottenham,Chelsea,0,1,A,0,1,A,3,15,1,9,6,5,14,12,4,2,0,0,J Gillett,0.146954,3.34251,1579.7754010605113,1671.594373417397,3.433992859158478,-4.667223500420494,-91.81897235688577,1.8,1.2,3.2,3.0,7.0,1.2613198,1.1600222000000002,1.3270438176296044,1.2670442000000002,1.4964437999999998,1.320915500477292,0.4,6.0,2,1.6,1.6,4.6,3.0,5.6,1.5010406,1.897118,1.588387241938387,1.8085704,1.4268244,1.6512723705747987,0.0,7.0,2,0.3354262852332562,0.28315095335731355,0.3814227614094303,A,True
2025-2026,2025-11-02,Man City,Bournemouth,3,1,H,2,1,H,15,8,8,5,10,4,8,11,2,2,0,0,A Taylor,2.48999,0.899846,1782.8242860644234,1642.643059207959,0.590832243397718,4.301994774293567,140.1812268564645,1.8,0.6,5.2,2.0,6.2,1.857908,0.7120704000000001,1.9355401828024132,2.108754,1.0130853999999998,1.8546285821406092,0.2,7.0,1,2.0,1.2,4.6,4.8,4.8,1.1298542,1.5825184,1.1934853307140227,1.5525148,2.14173,1.344382426231237,0.6,7.0,1,0.6526410640672528,0.2125469015410191,0.1348120343917282,H,True
2025-2026,2025-11-02,West Ham,Newcastle,3,1,H,2,1,H,15,12,9,4,7,6,5,10,1,2,0,0,R Jones,1.41383,0.523615,1466.5121227548118,1663.083261054339,-5.968830119035429,-0.0947452581975843,-196.5711382995269,0.6,1.8,2.0,5.2,5.2,0.5731167999999999,2.3983206,0.6254800929651839,0.6697786,2.68271,0.7858705602441037,0.2,9.0,2,1.2,1.0,4.6,4.6,5.0,1.752258,1.0671886,1.8576994232899096,1.0775428,0.7126489999999996,1.808191127517424,0.2,8.0,1,0.23506682485803163,0.2650301675526302,0.49990300758933826,A,False
2025-2026,2025-11-03,Sunderland,Everton,1,1,D,0,1,A,17,8,3,2,4,1,10,12,3,2,0,0,T Bramall,1.18068,1.00741,1428.7935514508656,1576.8436761904732,9.3837730500243,-4.373480178974807,-148.05012473960755,1.2,0.8,3.2,4.8,3.4,1.2524762,1.2358194,1.3290580184759038,1.059282,0.7929522,1.1349953801020505,0.2,9.0,1,0.8,1.8,3.6,5.0,4.2,1.1935312,1.7176972000000004,1.3140736715460632,1.0602062,1.6050234000000003,1.346903235699819,0.2,8.0,1,0.2700831927179414,0.28905674148291777,0.4408600657991408,A,False
2025-2026,2025-11-08,Chelsea,Wolves,3,0,H,0,0,D,20,3,8,0,10,1,12,14,1,2,0,0,A Kitchen,3.98342,0.111462,1679.0114646054817,1439.616645702532,-0.3219236511314431,-7.302178923768866,239.3948189029495,1.6,1.2,6.2,2.4,5.6,2.075574,1.6575927999999998,2.1962973718201497,1.655478,1.5711756,1.958770121379381,0.0,7.0,2,0.8,2.0,3.6,4.8,3.8,0.9992982,1.3385222,0.977047687513689,0.5590151999999999,1.3464142,1.0003177463135673,0.4,7.0,2,0.7347768673131492,0.1809805253682396,0.08424260731861116,H,True
2025-2026,2025-11-08,Everton,Fulham,2,0,H,1,0,H,14,8,5,4,7,5,11,14,2,2,0,0,A Madley,2.30607,0.424478,1572.822918677071,1561.9992937840004,-4.349131604508267,-4.952071768461503,10.823624893070471,0.8,1.6,3.6,5.0,3.6,1.250739,1.7415012,1.3297938610903777,1.6291046000000002,1.4972245999999998,1.2851771928453064,0.4,5.0,2,1.2,1.8,3.8,4.8,6.0,1.1460748,1.5513108,1.21542827685801,0.9910166,1.868174,1.2742111248015864,0.0,7.0,2,0.42056796524965995,0.2857407892398732,0.29369124551046677,H,True
2025-2026,2025-11-08,Sunderland,Arsenal,2,2,D,1,0,H,6,17,2,7,2,2,13,13,2,1,0,0,C Pawson,1.20495,2.32943,1432.814308964268,1824.062876051437,8.959746104766953,4.534536413915511,-391.248567087169,1.2,0.8,3.0,4.8,3.0,1.3009498000000002,1.2494306,1.373308166480476,1.087888,0.925615,1.1433016746289504,0.2,5.0,2,1.6,0.2,5.6,0.8,8.0,2.115975,0.6272886000000002,2.166992262773438,1.6962558000000003,0.7558588,1.9277143517335211,0.0,7.0,2,0.07845061546763243,0.16996381764654203,0.7515855668858258,A,False
2025-2026,2025-11-08,Tottenham,Man United,2,2,D,0,1,A,10,5,4,2,5,3,10,8,5,1,0,0,S Barrott,1.35532,0.820256,1572.3583098724268,1577.5073780787272,1.68824860670018,5.690633740516651,-5.149068206300399,1.4,1.0,2.8,4.0,6.2,1.0523486,1.5475922,1.1042028007356648,0.925905,1.5416977999999997,1.1074679549359658,0.2,7.0,2,2.2,1.6,6.4,5.0,2.8,1.915118,1.7403825999999998,2.052745727072608,1.7497319999999998,2.119644,1.804166135203929,0.2,7.0,2,0.3906480623089648,0.2755118818138803,0.33384005587715493,H,False
2025-2026,2025-11-08,West Ham,Burnley,3,2,H,1,1,D,15,16,6,7,7,4,15,13,2,2,0,0,M Salisbury,2.96728,1.87478,1489.1958922518818,1421.3301147109987,-0.2485565155654626,3.590461992301824,67.86577754088307,1.0,1.6,3.2,5.4,5.0,0.7626097999999998,2.0359136,0.8365772155984367,0.7824532,2.357921,0.9000450038360848,0.2,6.0,1,1.4,2.2,2.8,6.8,2.2,0.7492094,2.4772760000000003,0.7954266763145117,0.9235082,2.707864,0.8926400532062854,0.0,7.0,2,0.5161368018784662,0.26848820445602817,0.21537499366550572,H,True
2025-2026,2025-11-09,Aston Villa,Bournemouth,4,0,H,2,0,H,16,13,8,4,6,9,8,20,2,2,0,0,J Brooks,1.88282,2.00992,1653.3262006113976,1633.386822077323,5.803230749902956,2.207742259860919,19.93937853407488,1.6,1.0,3.8,3.4,4.6,0.9465254,1.1617728,0.9916571826637164,1.0939674,1.3644307999999998,0.9145681577605684,0.0,8.0,2,2.2,1.8,5.2,6.2,4.6,1.1996914,2.0497906,1.285247065629536,1.5400812,2.32017,1.263557621461921,0.4,7.0,2,0.4691696179610574,0.26466922182743136,0.2661611602115112,H,True
2025-2026,2025-11-09,Brentford,Newcastle,3,1,H,0,1,A,15,5,7,1,6,2,10,13,2,1,0,0,S Attwell,2.73729,0.432277,1592.425166623022,1640.399491557269,4.515425471959155,-4.388494069306164,-47.974324934246624,1.6,1.2,5.2,3.6,5.4,2.2078252,1.2891498,2.3903814547630664,1.8114496,1.4367582,1.8833314037319584,0.0,8.0,1,1.4,1.6,5.2,6.0,5.8,1.8262552,1.2398226,1.9268773820084568,0.7329977999999999,0.7634989999999997,1.574631831605165,0.0,7.0,1,0.42213131435728113,0.2689347514563979,0.30893393418632076,H,True
2025-2026,2025-11-09,Crystal Palace,Brighton,0,0,D,0,0,D,10,7,2,3,4,8,10,12,1,4,0,0,T Robinson,0.839547,0.637037,1662.3016732891908,1623.9035218641634,1.8830623235208332,3.3549918151286517,38.39815142502744,1.6,1.4,5.0,4.2,4.2,2.2718104,1.7928586,2.5614039625732,2.3381116000000004,1.5306714,1.954441035944504,0.2,8.0,2,2.2,1.4,5.2,4.0,6.6,1.6624415999999995,1.2001128000000003,1.7236785684720315,1.5047254000000003,1.5202548,1.6727691369838398,0.2,8.0,1,0.45712271177331887,0.2697168499431755,0.27316043828350567,H,False
2025-2026,2025-11-09,Man City,Liverpool,3,0,H,2,0,H,14,7,6,1,7,7,14,15,2,4,0,0,C Kavanagh,1.59542,1.0281,1792.0805231950596,1785.6906962337523,2.314706732809958,-10.070348405378056,6.389826961307108,2.2,0.6,6.2,2.4,7.8,2.131366,0.7483246000000001,2.211144051100219,2.2871940000000004,1.0006517999999998,1.9701488399332256,0.0,7.0,2,1.4,1.8,4.2,5.6,4.4,2.271976,2.201578,2.45292403979675,2.1442858,2.0346322,2.0166140582026606,0.0,8.0,1,0.5815654710944911,0.23367278186409868,0.18476174704141024,H,True
2025-2026,2025-11-09,Nott'm Forest,Leeds,3,1,H,1,1,D,14,10,6,3,6,4,10,11,2,1,0,0,J Gillett,2.49097,0.419461,1530.0153847445804,1430.4393383422805,-9.42437204654382,-3.4857092267200094,99.57604640229988,0.4,2.0,3.8,6.0,5.0,1.1339283999999996,1.9778562,1.1898782564457175,1.4995955999999997,1.7954439999999998,1.104193987786993,0.2,8.0,2,1.0,2.0,4.6,4.2,5.2,1.68798,1.0796196,1.6999646784818487,0.8269714,1.7188834,1.3338104845018888,0.2,8.0,1,0.4736747690798882,0.27564259254615836,0.2506826383739532,H,True
2025-2026,2025-11-22,Bournemouth,West Ham,2,2,D,0,2,A,28,5,10,2,9,2,9,10,3,2,0,0,T Bramall,3.48299,0.390782,1615.7117074587454,1497.2670280091088,-0.3995981952429577,0.7835763272753642,118.44467944963662,1.8,2.2,5.0,6.2,5.6,1.3896094,2.0168986,1.5236251513877426,1.1536662,0.4601523999999999,1.399259872105208,0.2,13.0,1,1.4,1.8,3.8,5.6,5.4,1.2009126,2.228929,1.2339735271061305,0.9867832,1.5259978,1.2759059122295238,0.0,14.0,1,0.563113523815851,0.2401217531940174,0.19676472299013154,H,False
2025-2026,2025-11-22,Brighton,Brentford,2,1,H,0,1,A,14,10,5,4,7,4,10,9,4,2,0,0,C Kavanagh,0.977488,2.19979,1625.0042316454103,1609.4833207778763,-0.0501533482977991,5.106390591685694,15.520910867533985,1.6,1.2,5.2,3.8,6.8,1.2948289999999998,0.9627162000000002,1.3102442256530344,1.7103508,1.1742386000000002,1.484454202986778,0.4,13.0,1,1.6,1.2,5.0,2.6,5.8,2.1978312,0.9283871999999996,2.413399093245606,1.5769208,1.1691778,2.0385966030534206,0.0,13.0,1,0.4516941941137096,0.27332098292663287,0.27498482295965754,H,True
2025-2026,2025-11-22,Burnley,Chelsea,0,2,A,0,1,A,8,15,2,5,1,9,13,8,2,3,0,0,P Bankes,0.660943,1.72093,1413.2589789537717,1686.05764957765,2.7441712325403382,4.712600462978088,-272.79867062387825,1.6,1.8,3.8,6.4,2.6,1.0222672,2.4264660000000005,1.0467283280842237,0.7004530000000001,1.9189958,1.0712109526233244,0.0,14.0,1,2.0,0.6,7.2,1.8,6.6,2.466952,1.1848652,2.526657837483691,2.2153244,1.1401872,2.3268882811285843,0.0,14.0,1,0.11074100801453327,0.1950513702330707,0.6942076217523958,A,True
2025-2026,2025-11-22,Fulham,Sunderland,1,0,H,0,0,D,24,4,6,2,7,4,5,13,3,3,0,0,D England,2.83729,0.222768,1547.466436122723,1440.9111250632147,-5.181622870567187,7.586583183927317,106.55531105950833,1.0,1.6,3.8,5.0,5.4,1.040448,1.7393748000000002,1.098133808126412,1.3463664000000002,1.0982296,1.1197141930194796,0.0,14.0,1,1.4,1.2,2.8,5.0,2.6,1.1536318,1.4312566,1.2580854352651365,1.1549315999999998,1.465056,1.1545104610600505,0.4,14.0,1,0.5679449048756559,0.25564891135510187,0.17640618376924216,H,True
2025-2026,2025-11-22,Liverpool,Nott'm Forest,0,3,A,0,1,A,21,15,4,7,8,6,11,8,2,0,0,0,A Madley,1.79273,1.19459,1768.512509457551,1540.8303077268854,-10.539562852043854,-4.268861309453828,227.6822017306656,1.2,2.0,3.6,5.4,4.6,1.857244,1.8140159999999996,2.015001531092534,1.5906128000000002,1.1492539999999998,1.8368842294385408,0.0,13.0,1,1.0,2.0,3.8,6.0,4.8,1.3480623999999994,1.6734404,1.402115983455254,0.6195024,1.9196782,1.3563350809166306,0.2,13.0,1,0.6833261885250813,0.19762861317093186,0.11904519830398702,H,False
2025-2026,2025-11-22,Newcastle,Man City,2,1,H,0,0,D,9,17,5,4,5,9,13,8,1,3,0,0,S Barrott,2.40555,2.45648,1623.3413374024144,1809.2587099712607,-6.560387268300234,4.982407696366348,-185.9173725688468,1.4,1.8,4.8,6.0,4.8,1.7647403999999998,1.3731846,1.84095850698774,2.0959622,0.990136,1.3669309531314986,0.0,13.0,1,1.8,0.4,5.8,2.2,7.2,1.806184,0.8520464000000001,1.988235201341763,1.6043040000000002,0.996863,1.9020163235817305,0.0,13.0,1,0.23496533781527504,0.2536453491060071,0.5113893130787177,A,False
2025-2026,2025-11-22,Wolves,Crystal Palace,0,2,A,0,0,D,8,10,1,4,1,4,13,9,2,3,0,0,A Taylor,1.66409,1.44933,1432.5704607303635,1661.200963507944,-9.206285718497828,-1.3035025413030523,-228.63050277758043,0.6,2.4,3.0,5.8,2.2,0.7896886,1.9714640000000003,0.7602168205400162,1.1959034,1.5461896,0.8387076106201914,0.2,14.0,1,1.2,1.2,4.0,4.0,4.6,1.7330738,1.2999139999999998,1.8782283766978456,1.6990687999999998,1.207018,1.751733029409139,0.4,13.0,1,0.22480989803625342,0.2769514214436304,0.49823868052011616,A,True
2025-2026,2025-11-23,Arsenal,Tottenham,4,1,H,2,0,H,17,3,8,2,4,1,11,15,1,3,0,0,M Oliver,2.27827,0.0300672,1815.96605995249,1572.506501119262,1.6754355621493526,2.2127566563624845,243.4595588332279,1.6,0.4,5.6,0.6,6.0,2.167765,0.7203084000000002,2.1530982428331784,2.0505120000000003,0.5576450000000001,2.000753560509245,0.2,15.0,0,1.6,1.2,3.0,3.8,5.2,1.1596704,1.4797414000000002,1.2281368600681457,1.3534896,1.2658236,1.1525319631294266,0.2,15.0,0,0.7622970948079208,0.1660465653776912,0.07165633981438795,H,True
2025-2026,2025-11-23,Leeds,Aston Villa,1,2,A,1,0,H,14,14,5,3,3,3,18,16,5,1,0,0,R Jones,1.84668,1.35978,1419.6244153599755,1671.0013152299748,-6.576376291792568,6.661233243468634,-251.3768998699993,0.8,2.2,3.6,4.4,4.6,1.3624162,1.3657476000000002,1.3426821375574125,1.7615380000000005,0.6450307999999999,1.1675651236833633,0.0,14.0,1,1.8,0.8,4.6,3.4,5.4,1.0499394,1.3732344,1.112758033432949,0.6115568,1.3890944,1.090613947258647,0.0,14.0,1,0.221870816473936,0.26815083945994006,0.5099783440661241,A,True
2025-2026,2025-11-24,Man United,Everton,0,1,A,0,1,A,25,3,6,1,9,1,12,9,2,0,0,1,T Harrington,2.2737,0.155063,1577.359186831892,1587.3557763383485,8.481661202393935,-0.8604657636482465,-9.996589506456305,2.4,1.4,5.6,4.2,3.0,1.6319511999999996,1.4539946,1.7566677051668225,2.127118,0.9761391999999998,1.625273383348669,0.4,16.0,0,1.0,1.4,3.4,5.2,4.4,1.5300124,1.6712436,1.6292902847714252,1.0471302000000002,1.6093394,1.4707940668734325,0.2,16.0,0,0.4705915904160306,0.2767010669475889,0.2527073426363804,H,False
2025-2026,2025-11-29,Brentford,Burnley,3,1,H,0,0,D,14,6,4,2,5,6,7,7,0,2,0,0,S Barrott,3.72106,0.874025,1599.9297515681108,1408.0940068954992,4.155028586153051,2.5210475703966595,191.83574467261155,1.8,1.4,5.6,2.8,6.0,2.4990376,0.9045908,2.724967530660552,2.1329796,1.3278432,2.067904493407344,0.0,7.0,1,1.4,1.8,3.8,6.0,2.0,1.0539974,2.423508,1.08563323865715,1.1516366,2.905604,0.9966167794190836,0.0,7.0,1,0.7056092369280723,0.19348039366109998,0.10091036941082782,H,True
2025-2026,2025-11-29,Everton,Newcastle,1,4,A,0,3,A,10,13,2,8,8,7,4,6,0,0,0,0,C Pawson,1.01125,2.45882,1597.0681307356765,1638.234136872507,-1.348970539573637,-5.789659042712411,-41.166006136830674,0.8,1.2,2.2,4.8,4.2,1.1332730000000002,1.6904056,1.186322348691329,1.7300866,1.1651462,1.2315702365328085,0.2,5.0,1,1.4,2.0,4.0,6.0,4.2,1.4825264,1.7969428,1.6262965621131191,0.5392572,1.2472367999999996,1.5557707798348623,0.0,7.0,1,0.3822252209748203,0.28409193505414243,0.33368284397103753,H,False
2025-2026,2025-11-29,Man City,Leeds,3,2,H,2,0,H,18,9,9,4,8,1,17,11,4,1,0,0,P Bankes,2.85292,1.75142,1794.3659105011686,1415.815270155663,1.0444959659273316,-5.945521267849342,378.5506403455056,1.8,0.8,5.8,3.0,8.6,2.078186,1.1944048,2.288361917639002,2.356778,0.9502418,2.0028279011123247,0.0,7.0,1,0.8,2.2,3.8,4.4,4.4,1.4356502,1.5000639999999998,1.4458918909738614,0.8795113999999999,1.6695554,1.2910405557409337,0.0,6.0,1,0.8291582523267031,0.12242704589418572,0.04841470177911115,H,True
2025-2026,2025-11-29,Sunderland,Bournemouth,3,2,H,1,2,A,12,18,6,6,6,3,14,13,5,5,0,1,T Robinson,1.16955,1.79274,1433.8853615005953,1612.428801198966,8.093704405223491,-3.675423446667721,-178.54343969837078,1.4,1.0,2.6,5.0,2.8,1.0367616,1.6127546,1.1388638330072287,1.1840043999999998,1.2797114,0.9851027408673138,0.4,7.0,1,1.6,2.4,5.8,5.8,6.6,1.8192914,1.926385,1.9389814018293123,1.6274592,2.23072,1.7781198953588064,0.4,7.0,1,0.18109772377780078,0.24056181438155783,0.5783404618406416,A,False
2025-2026,2025-11-29,Tottenham,Fulham,1,2,A,0,2,A,14,7,2,3,8,2,11,7,3,2,0,0,S Attwell,1.04396,0.494736,1565.5910750531502,1554.4921996853425,-0.5630126216656043,-1.157226158574377,11.09887536780775,1.4,1.8,2.8,4.6,5.2,1.02804424,1.6392934000000003,1.1021354049027596,0.801253,1.5589213999999998,0.9484474607422582,0.2,6.0,1,1.0,1.0,4.2,4.2,6.2,1.439236,1.5170124,1.46133210837381,0.8953355999999999,2.041372,1.432000703379574,0.0,7.0,1,0.413566939216388,0.2780863929188197,0.3083466678647923,H,False
2025-2026,2025-11-30,Aston Villa,Wolves,1,0,H,0,0,D,16,9,6,4,7,3,13,21,0,4,0,0,C Kavanagh,1.15486,0.692588,1674.8104604342873,1426.22643907236,6.613191534820325,-11.272488891307692,248.5840213619274,1.8,0.8,3.8,4.0,4.8,0.9747514,1.6421120000000002,1.046247443703252,1.4068112000000002,1.4862188,1.1395532295752564,0.0,7.0,1,0.4,2.6,2.6,5.4,2.0,1.0486258,1.983014,1.048751782398659,0.5066342,1.7861742,0.9887771359619748,0.0,8.0,1,0.6851474065674973,0.20819142098755145,0.10666117244495148,H,True
2025-2026,2025-11-30,Chelsea,Arsenal,1,1,D,0,0,D,11,8,4,4,3,3,12,13,1,6,1,0,A Taylor,0.791914,1.22828,1691.2226216359225,1822.881486018602,2.890616392395337,2.213900805499361,-131.65886438267944,2.0,0.4,7.0,1.8,7.0,2.563696,0.9050918,2.550511190822898,2.1785760000000005,1.38664,2.2167140481961143,0.0,8.0,1,2.0,0.6,6.2,1.0,5.2,2.011719,0.5534120400000002,2.021789712449709,1.8960618000000005,0.7215428,2.051211094962109,0.2,7.0,1,0.36841065010941193,0.28367981725735525,0.3479095326332328,H,False
2025-2026,2025-11-30,Crystal Palace,Man United,1,2,A,1,0,H,14,14,3,6,4,4,14,14,3,2,0,0,R Jones,2.13561,1.47768,1667.5449851659475,1567.646832434564,2.396277445688696,4.626916389108238,99.89815273138356,1.4,0.8,3.2,2.8,4.6,1.5873618,1.2049799999999995,1.6928698533926263,2.285645,1.3921048,1.6967506604256593,0.4,8.0,1,2.0,1.6,5.6,3.8,4.4,1.7007312,1.3235834,1.8768948359208528,1.6045772,2.060042,1.743169131830729,0.4,6.0,1,0.4987326550844271,0.26885329738850056,0.23241404752707234,H,False
2025-2026,2025-11-30,Nott'm Forest,Brighton,0,2,A,0,1,A,19,17,3,6,9,2,11,10,0,1,0,0,M Oliver,0.960325,2.0572,1568.3970398806482,1634.557800855176,3.452316789729417,2.657959334864461,-66.16076097452765,1.6,1.6,4.4,5.0,5.8,1.5194425999999996,1.2686624,1.6092341158159988,1.6466895999999998,1.6143042,1.326926884386334,0.2,8.0,1,1.8,1.2,5.0,4.0,6.6,1.2120105999999995,1.3287934,1.245665267668585,1.2151588,1.3279322,1.3922785297164546,0.2,8.0,1,0.34471106540459423,0.2722718713206085,0.38301706327479734,A,True
2025-2026,2025-11-30,West Ham,Liverpool,0,2,A,0,0,D,7,9,0,5,7,2,12,14,1,0,1,0,D England,0.364152,1.56793,1500.549934268888,1740.9457773037882,2.2847775491035662,-13.197930800559153,-240.39584303490005,1.8,1.8,4.2,6.6,5.2,1.1061591999999998,2.313827,1.1097924460391142,1.1801948,1.942883,1.1149742918241556,0.2,8.0,1,1.0,2.2,4.0,5.6,5.8,1.803828,1.805492,1.926717480184923,2.220594,1.9610322,1.828856187722442,0.0,8.0,1,0.20836721129909372,0.24568050947165465,0.5459522792292517,A,True
2025-2026,2025-12-02,Bournemouth,Everton,0,1,A,0,0,D,5,13,2,3,1,6,14,14,3,3,0,0,M Salisbury,0.635415,1.19573,1597.699100888391,1581.6319744011184,-6.763639435835676,-2.9001837759889484,16.067126487272617,1.4,2.4,6.0,5.6,6.2,1.7684194000000002,1.247727,1.8298453220478077,1.4933402,0.4636354,1.7807780962026598,0.2,3.0,2,1.0,1.6,2.4,5.0,5.2,1.1765986,1.6861895999999998,1.217651887324029,0.9432752,1.5878394,1.1915120117086613,0.2,3.0,2,0.5437645484870491,0.2530748366365462,0.20316061487640463,H,False
2025-2026,2025-12-02,Fulham,Man City,4,5,A,1,3,A,12,11,6,4,7,2,9,7,0,1,0,0,C Pawson,0.972635,1.96225,1564.8115423760444,1796.3987489735305,1.667915075941329,-0.084954370096568,-231.5872065974861,1.4,1.0,4.8,3.6,5.4,1.4377168,1.3101584000000002,1.4432551923164685,1.5831584,0.8335772,1.2615889391287425,0.0,3.0,2,2.0,1.2,6.2,3.6,8.0,2.1527899999999995,1.3857644,2.2966168353610885,1.6357940000000002,1.3740858,2.157390100910084,0.0,3.0,2,0.20717039980179158,0.24427326226879095,0.5485563379294175,A,True
2025-2026,2025-12-02,Newcastle,Tottenham,2,2,D,0,0,D,19,8,7,2,11,8,5,12,0,3,0,0,T Bramall,1.88558,1.05205,1653.6702932070648,1555.2717323624483,-0.4396510368457058,-1.04289032149462,98.39856084461644,2.0,1.8,5.0,5.4,4.8,1.7176644,1.827772,1.872510621714575,2.1843882,1.3521202,1.7199615471376146,0.0,3.0,2,1.4,1.8,2.6,4.8,5.6,0.93391424,1.6677944,0.9869654096304804,1.10347304,1.4719776,0.9658133769709384,0.2,3.0,2,0.5575689591487093,0.25083736691565084,0.19159367393563992,H,False
2025-2026,2025-12-03,Arsenal,Brentford,2,0,H,1,0,H,15,6,7,1,4,8,7,9,0,1,0,0,T Harrington,2.63126,0.588716,1819.2635797644537,1607.397829983897,0.7290468582944563,3.409069543665672,211.86574978055685,2.0,0.8,6.0,1.8,3.8,1.841729,0.6113284400000001,1.866413404043474,1.958644,0.53230624,1.901587259514453,0.4,3.0,2,2.0,1.6,5.0,3.0,5.0,2.5499796,1.0273456,2.735336892518189,1.7518467999999998,1.0135754,2.3684782218787355,0.0,4.0,2,0.680142524054662,0.2066938971591327,0.1131635787862052,H,True
2025-2026,2025-12-03,Brighton,Aston Villa,3,4,A,2,2,D,16,14,7,10,5,6,10,9,2,2,0,0,A Madley,1.96298,3.15745,1646.7354438255927,1678.6694289208776,2.830711189992698,5.800994393827002,-31.933985095284925,1.8,1.0,5.2,4.0,5.4,1.4520297999999996,1.2642324000000005,1.4853396222248212,1.6178324,1.43362,1.5131733424952811,0.2,3.0,2,1.6,0.6,4.6,4.2,5.0,1.1352772,1.4777076,1.192200857433432,0.6881424,1.5325024000000005,1.1423362787433915,0.0,3.0,2,0.4452221510382827,0.27192699844583984,0.28285085051587744,H,False
2025-2026,2025-12-03,Burnley,Crystal Palace,0,1,A,0,1,A,11,3,4,3,3,4,9,8,0,0,0,0,T Kirk,1.16852,0.987797,1400.625928479713,1654.7463867564732,-2.401804464366656,-0.0211663091532408,-254.12045827676025,1.2,2.4,3.6,6.0,3.0,1.126873,2.7014160000000005,1.1738548400887925,0.6318796,2.0389278,0.97432736497925,0.0,4.0,2,1.0,0.6,2.4,3.0,4.2,1.1019158,1.0910959999999998,1.1471066233867493,1.7821068,1.26625,1.7765432676209938,0.2,3.0,2,0.23152276418507234,0.2860459838546195,0.482431251960308,A,True
2025-2026,2025-12-03,Leeds,Chelsea,3,1,H,2,0,H,17,14,5,2,4,2,10,13,1,1,0,0,D England,2.2047,0.964018,1413.7824316833012,1694.8405278900705,-2.9228526107156467,1.327388864479743,-281.0580962067693,1.2,2.4,3.8,5.6,3.6,1.3196302,1.9687186,1.4311023400631435,1.6546340000000002,0.7821191999999999,1.374745909242582,0.0,4.0,2,1.6,0.6,6.6,2.2,7.2,2.2104188,0.7396478,2.213883928450644,1.7695164,1.0766614,1.9576594939786387,0.2,3.0,2,0.1360526630374629,0.21315634751074114,0.650790989451796,A,False
2025-2026,2025-12-03,Liverpool,Sunderland,1,1,D,0,0,D,23,9,4,6,7,3,10,5,1,1,0,0,S Attwell,1.37633,0.712662,1746.9576163698368,1448.6150618111703,-8.718945209349592,7.286144102115894,298.3425545586665,1.2,1.8,3.8,4.8,4.4,1.5954700000000002,1.3720883999999995,1.7029858465971903,1.4831448000000005,1.073566,1.781415062681998,0.0,3.0,2,1.6,1.4,3.4,5.6,3.4,1.0657096,1.836038,1.1877230584356286,0.9752312,1.831752,1.0186386061641657,0.4,4.0,2,0.7521953920494395,0.16811948363457296,0.07968512431598763,H,False
2025-2026,2025-12-03,Wolves,Nott'm Forest,0,1,A,0,0,D,5,10,1,3,3,9,19,11,2,2,0,0,T Robinson,1.02461,1.12389,1422.3674705857695,1556.2193969102314,-8.290782223403124,3.3035969743912275,-133.85192632446183,0.4,2.4,2.8,6.2,2.2,1.0518788,2.009024,1.0777589517383075,1.4248342,1.3762496,0.9349245657870702,0.0,3.0,2,1.6,1.4,4.6,5.0,6.6,1.3004075999999998,1.1684424,1.358981706656859,0.5924464,2.0578482,1.260271996316091,0.2,3.0,2,0.25182517018576955,0.27470806976611656,0.4734667600481139,A,True
2025-2026,2025-12-04,Man United,West Ham,1,1,D,0,0,D,17,11,4,3,6,6,13,9,2,2,0,0,A Kitchen,2.27674,1.36584,1580.4454308440384,1494.5380952028397,3.910018293003273,3.3219844615384817,85.90733564119887,2.0,1.6,6.0,3.2,4.4,1.4900331999999998,1.2287613999999998,1.59561978499015,2.306552,0.7410717999999996,1.6948983805887785,0.4,4.0,2,1.8,1.8,4.0,6.2,5.4,1.1269394,1.934143,1.1395247554583476,0.95315,2.0777222,0.9784611478561271,0.2,4.0,2,0.579388395257202,0.24225258699033297,0.17835901775246504,H,False
2025-2026,2025-12-06,Aston Villa,Arsenal,2,1,H,1,0,H,15,15,6,9,3,3,10,8,0,2,0,0,P Bankes,2.71986,1.85965,1687.752874532243,1826.1037995836543,4.817836564182094,0.96169123446207,-138.35092505141165,2.2,1.2,6.0,4.8,5.2,1.597986,1.5964756000000002,1.6832854810257796,1.3966112,1.1053104,1.5087205916991384,0.0,3.0,3,2.2,0.8,6.8,1.8,3.8,2.196746,0.6589648400000001,2.241431872859275,2.044582000000001,0.7836447999999999,2.034255030511825,0.4,3.0,3,0.3051268556635704,0.27093388960884596,0.42393925472758376,A,False
2025-2026,2025-12-06,Bournemouth,Chelsea,0,0,D,0,0,D,13,11,5,4,5,0,15,13,0,2,0,0,M Oliver,1.41931,0.672602,1587.2369811956323,1669.8053666841456,-11.081215602465296,-0.3578013466503151,-82.56838548851329,1.0,2.6,5.4,5.4,5.2,1.7641822,1.4257744,1.8290484146035864,1.3320492,0.5777968,1.5725302605294489,0.2,4.0,3,1.6,0.8,5.6,2.4,5.8,2.1605584,0.8704677999999999,2.167147956082596,1.8111202,1.2825354,1.7769974041643406,0.2,3.0,3,0.3642090204328289,0.27899650599157333,0.3567944735755978,H,False
2025-2026,2025-12-06,Everton,Nott'm Forest,3,0,H,2,0,H,11,7,5,3,6,3,17,15,4,3,0,0,C Kavanagh,1.25348,0.31234,1592.0940940938772,1562.546757094544,3.050083580680775,6.794221239331622,29.54733699933331,1.2,1.0,2.6,4.6,4.6,1.1351046,1.3946185999999998,1.1804175583318532,1.5537966,1.5860447999999998,1.1922789186707228,0.2,4.0,3,1.8,1.0,4.4,4.2,7.6,1.4640869999999997,1.2420442,1.5056707016672704,0.7584882000000001,1.6864301999999998,1.2354752697131657,0.2,3.0,3,0.3864113248116284,0.27957521397600094,0.33401346121237097,H,True
2025-2026,2025-12-06,Leeds,Liverpool,3,3,D,0,0,D,12,16,5,7,5,4,14,14,3,3,0,0,A Taylor,1.79333,2.04805,1438.817592889226,1740.0017493214273,-0.199030397597685,-7.0702911624781,-301.18415643220123,1.4,2.4,3.8,5.4,3.8,1.3162902,2.0617916,1.4915750425391383,1.960114,0.9141958,1.525646653016658,0.0,3.0,3,1.0,1.4,3.6,4.4,5.0,1.44706,0.8603687999999996,1.519626043482635,1.975196,2.0002544,1.707763233103453,0.2,3.0,3,0.19988715034092044,0.25643138342772526,0.5436814662313544,A,False
2025-2026,2025-12-06,Man City,Sunderland,3,0,H,2,0,H,18,8,6,1,6,5,9,10,1,0,0,1,A Madley,2.41605,0.626486,1800.5716136356612,1455.57092885958,3.549465514247477,5.355475481742887,345.00068477608124,3.0,1.8,6.2,4.2,7.2,2.2714119999999998,1.4115102,2.4048741492859533,2.527912,0.9966958,2.121910082562796,0.0,4.0,3,1.4,1.4,3.8,5.0,3.8,0.8981220000000001,1.86864,1.0046913027179394,1.0469377999999998,1.755408,0.9630064959524992,0.6,3.0,3,0.8312931550897477,0.11825813027099866,0.05044871463925363,H,True
2025-2026,2025-12-06,Newcastle,Burnley,2,1,H,2,0,H,17,9,7,3,9,9,9,11,2,2,0,1,S Attwell,1.80708,1.58375,1650.9115238925142,1396.8652462744749,-2.434347432364893,-5.446480215323338,254.0462776180393,2.0,2.0,5.0,4.8,6.2,1.5411684,1.7341799999999998,1.6890681524004552,2.3231322,1.4873418,1.7500739931125937,0.2,4.0,3,0.6,2.2,3.0,5.2,3.0,1.051489,2.3827114,1.1300356576506485,1.0612056,2.845342,1.0096351168012043,0.0,3.0,3,0.7224522855985553,0.18416269247473485,0.09338502192671011,H,True
2025-2026,2025-12-06,Tottenham,Brentford,2,0,H,2,0,H,15,4,7,1,7,6,8,9,3,4,0,0,R Jones,2.42388,0.470563,1558.030501676999,1600.5576101646966,-4.348979876702481,-0.9988018767278264,-42.52710848769766,1.2,2.2,2.2,5.8,5.6,0.72567024,1.7642704000000002,0.7734463070238192,0.975911,1.2338485999999995,0.9814927629762222,0.4,4.0,3,1.4,1.6,3.6,3.4,5.6,2.0134708,1.1299216,2.0971592021143133,1.5803819999999995,1.2255734,2.044885090628056,0.0,3.0,3,0.3485490632109205,0.2837293925954815,0.367721544193598,A,False
2025-2026,2025-12-07,Brighton,West Ham,1,1,D,0,0,D,22,14,4,5,10,6,12,8,2,2,0,0,S Hooper,2.10077,1.7064,1637.6519982142277,1496.9615193710208,4.624376576999714,6.089879323241777,140.69047884320685,2.0,1.0,5.6,4.2,5.2,1.6551949999999995,1.5032604,1.727577789066009,1.5687003999999998,1.6382739999999998,1.5949563711325028,0.2,4.0,2,1.8,1.6,4.0,6.0,5.8,1.3003768,1.945211,1.3323729274908,0.7791179999999998,2.3898666000000004,1.0488936664277404,0.4,3.0,2,0.5966705090275842,0.2329989605765395,0.17033053039587653,H,False
2025-2026,2025-12-07,Fulham,Crystal Palace,1,2,A,1,1,D,12,11,4,5,6,4,5,8,0,0,0,0,S Barrott,0.766771,1.71109,1560.6386777139137,1658.5070689617112,2.2762846761242628,1.866369719566809,-97.86839124779748,2.0,1.6,5.0,3.0,6.2,1.3282418,1.1489964,1.340628998312151,1.5497274,1.0599476,1.2090518592871529,0.0,5.0,2,1.2,0.4,2.8,3.2,4.4,1.2293684,1.1535649999999995,1.246719707275076,1.4602402,1.2587820000000003,1.6331348553262677,0.2,4.0,2,0.4329795440918168,0.2864598423784821,0.28056061352970124,H,False
2025-2026,2025-12-08,Wolves,Man United,1,4,A,1,1,D,8,27,2,10,1,9,17,12,3,2,0,0,M Salisbury,0.262147,4.04708,1416.040110401457,1578.022006675857,-7.26371495035653,-0.1850210499130208,-161.9818962744,0.0,2.0,1.6,5.4,1.8,0.7405367999999999,1.9247140000000005,0.8041662990803268,1.4411048000000002,1.1934455999999998,0.9512310083712392,0.0,5.0,2,1.4,1.4,5.0,2.8,5.4,1.5529191999999998,1.3124985999999998,1.622158838120135,1.5962831999999998,2.087714,1.800687765936273,0.6,4.0,3,0.20888035872298438,0.2769987654225384,0.5141208758544772,A,True
2025-2026,2025-12-13,Arsenal,Wolves,2,1,H,0,0,D,16,3,2,2,8,0,7,15,0,4,0,0,R Jones,1.61796,0.61997,1812.3196708143105,1406.1550815226387,-2.348641047425344,-6.692312835978622,406.1645892916715,2.0,1.2,7.0,3.0,3.2,2.065378,1.06710144,2.182085492131453,1.908556,0.5913132400000001,2.0025086613278567,0.4,7.0,3,0.2,2.2,1.6,6.2,1.8,0.7509794,2.3517160000000006,0.8159572274207069,0.5699634,1.7787741999999995,0.8259430068491956,0.0,5.0,3,0.8880480569322182,0.08818395561061876,0.023767987457163107,H,True
2025-2026,2025-12-13,Burnley,Fulham,2,3,A,1,2,A,16,6,8,4,10,4,8,8,1,2,0,0,M Oliver,2.05486,1.65053,1393.103259975963,1553.383342966177,-5.645370947007122,-1.7231901635646412,-160.28008299021394,0.8,2.2,3.6,5.0,4.6,1.2324036,2.2408294,1.3137222201190062,0.8319753999999999,1.6775032,1.1140196410191674,0.0,7.0,3,1.6,2.0,4.6,3.6,5.4,1.099182,1.4492276000000004,1.139920151999336,0.8470372000000002,1.763684,1.1286371575985794,0.0,6.0,3,0.2522872276398879,0.2816576138076434,0.4660551585524686,A,True
2025-2026,2025-12-13,Chelsea,Everton,2,0,H,2,0,H,17,11,5,2,4,7,13,11,1,0,0,0,T Bramall,2.64457,1.34,1667.472609499094,1608.1094004528202,-2.3077710212775395,7.057296355149826,59.36320904627382,1.4,0.8,4.6,3.2,4.8,1.6265768,1.124939,1.605436448379579,1.8504788,1.4850504,1.576198239770824,0.4,7.0,3,1.6,0.8,3.2,4.6,5.6,1.1843186,1.2209506,1.2496495846539533,0.7748392,1.526271,1.2034063880033186,0.0,7.0,3,0.5437556973644806,0.25934567190482893,0.19689863073069047,H,True
2025-2026,2025-12-13,Liverpool,Brighton,2,0,H,1,0,H,18,14,4,1,2,2,8,15,1,2,0,0,C Pawson,2.4127,1.69004,1733.0039064521277,1633.8103217038174,-10.537357956324993,1.981359967930852,99.19358474831006,1.2,2.0,4.2,4.8,5.6,1.562628,1.1320307999999997,1.58640409347275,1.66213,1.1189626,1.7696335543573705,0.4,7.0,3,1.6,1.2,5.0,4.8,6.4,1.5470949999999994,1.7727024,1.6398228080509711,1.5016142,1.2316232,1.6869224854720477,0.4,6.0,3,0.5567113293242635,0.23959853047140572,0.2036901402043308,H,True
2025-2026,2025-12-14,Brentford,Leeds,1,1,D,0,0,D,7,18,2,4,0,3,8,9,0,0,0,0,J Brooks,0.697006,1.63409,1583.7306821592267,1445.8154357585258,-1.7388968927590782,3.075219483249104,137.91524640070088,1.4,1.6,3.4,4.4,5.8,1.9434838,1.4677859999999998,2.014493407047982,2.6421255999999995,1.3514484,1.758644710513864,0.0,8.0,2,2.0,2.4,4.4,5.4,3.4,1.6031182000000002,1.9431476,1.8303049445372035,1.0637158,2.0121814,1.5743163524681747,0.2,8.0,2,0.5532650640256392,0.25266232168954333,0.19407261428481742,H,False
2025-2026,2025-12-14,Crystal Palace,Man City,0,3,A,0,1,A,16,7,4,6,2,2,9,6,2,0,0,0,D England,1.30092,1.35317,1665.762403709448,1804.79549862404,0.6921460840514261,2.542995085795964,-139.03309491459186,1.2,0.6,3.4,3.6,4.0,1.4246748,1.1428195999999995,1.4455227004080509,2.361157,1.616815,1.647308517994219,0.2,7.0,3,3.0,1.6,5.8,3.4,6.4,2.2566239999999995,1.3568382,2.328416462842481,1.601408,1.1268848000000002,2.1753900675513784,0.0,8.0,2,0.26354768503953435,0.27236443452266024,0.46408788043780547,A,True
2025-2026,2025-12-14,Nott'm Forest,Tottenham,3,0,H,1,0,H,15,6,6,1,3,3,9,13,1,3,0,0,S Barrott,2.32658,0.380246,1546.5314507356009,1574.8574296824688,3.303213198204071,0.4998239620084131,-28.325978946867963,1.4,1.2,4.4,3.8,6.6,1.2164229999999998,1.3094962,1.2455193071034047,1.6955509999999996,1.5785442,1.067632493401681,0.0,8.0,3,1.6,2.0,3.4,4.2,5.8,1.1810554400000002,1.1898810000000002,1.2579679204337957,1.0110790399999998,1.690444,1.2437449878896365,0.4,8.0,2,0.41928224348767645,0.282981786867268,0.29773596964505555,H,True
2025-2026,2025-12-14,Sunderland,Newcastle,1,0,H,0,0,D,5,6,1,2,3,6,10,10,5,4,0,0,P Bankes,0.630045,0.169329,1451.347043871201,1654.673510191026,3.706546981386699,2.854803726751487,-203.3264663198247,1.2,1.8,3.4,5.8,4.0,0.7872832000000001,2.150368,0.9068626515626838,1.1036604,1.3490514,0.9018209512338629,0.4,8.0,2,2.2,1.6,5.6,3.6,6.8,1.7978614,1.7681639999999998,1.9232494196113108,0.9702942,1.3140267999999995,1.7604387216375763,0.2,8.0,2,0.17949056271051878,0.23873946295705362,0.5817699743324278,A,False
2025-2026,2025-12-14,West Ham,Aston Villa,2,3,A,2,1,H,10,7,3,4,5,3,18,13,1,2,0,0,A Taylor,1.27701,0.595093,1500.803195881431,1701.5370033015868,2.3214607259098123,9.642160538037844,-200.7338074201557,1.4,1.6,3.2,6.0,5.6,1.3588908,2.260642,1.3914625758609738,1.0943756,1.953665,1.1684402725317875,0.6,7.0,3,2.6,1.0,6.6,5.8,5.0,2.054954,1.6743636000000002,2.2425431515642176,1.2487670000000002,1.5465584000000003,1.7289277568447496,0.0,8.0,3,0.20313462290299614,0.23083380284040153,0.5660315742566024,A,True
2025-2026,2025-12-15,Man United,Bournemouth,4,4,D,2,1,H,25,14,9,9,5,4,15,12,2,3,0,0,S Hooper,3.21204,2.35196,1587.9070355546753,1589.569738380684,2.079931495189584,-8.763416739327743,-1.6627028260086265,1.8,1.2,5.6,2.6,6.2,2.1790912,1.0547959999999998,2.199534308405184,1.9574260000000003,0.7490037999999997,2.2091227175842234,0.4,7.0,2,0.8,2.0,5.4,4.6,5.4,1.868075,1.0622968000000002,1.93114230159966,1.5619872,2.430496,1.5446720313422762,0.4,9.0,2,0.4674791685913618,0.26968214395791434,0.26283868745072375,H,False
2025-2026,2025-12-20,Bournemouth,Burnley,1,1,D,0,0,D,16,4,1,1,5,3,11,11,1,1,0,0,C Kavanagh,1.81847,0.480528,1589.521882311757,1387.4148800873636,-5.2379650293976505,-5.168819773281606,202.10700222439343,1.6,2.0,6.4,4.8,4.4,1.936483,1.3281408000000003,1.9860276928277012,1.5057792,0.6815914000000001,1.6914516620073168,0.6,5.0,2,0.8,2.2,3.8,4.6,5.8,1.2684196,1.9774794,1.3670649696192056,1.2760573999999998,2.562492,1.2850815244702278,0.0,7.0,2,0.6377492288686369,0.22533003213352962,0.13692073899783358,H,False
2025-2026,2025-12-20,Brighton,Sunderland,0,0,D,0,0,D,16,14,4,6,3,4,11,15,2,2,0,0,D England,0.919272,1.31044,1622.9801672258743,1466.6115390736384,-0.4048128839071715,5.140082802084744,156.36862815223594,1.6,1.6,4.6,5.2,5.2,1.7576955999999997,2.087333,1.8891425748527344,1.7079224,1.741192,1.6874893062953116,0.2,7.0,2,1.0,1.4,3.2,4.8,4.2,0.6723022000000001,1.7183477999999996,0.7528112127933672,0.7839269999999999,1.954558,0.852407141918615,0.2,6.0,2,0.6084927048532287,0.23402616182677985,0.15748113331999125,H,False
2025-2026,2025-12-20,Everton,Arsenal,0,1,A,0,1,A,5,13,1,2,2,3,4,5,2,2,0,0,S Barrott,0.213273,1.84723,1595.6476638829763,1814.080043003488,1.6583775089256363,-0.3772033898004171,-218.43237912051157,1.2,1.2,2.6,4.8,5.6,0.9911046,1.664969,1.0672940626955956,1.622552,1.4933595999999998,1.2282415901845334,0.0,7.0,2,2.0,1.0,6.0,3.0,4.4,1.923084,0.95010544,2.040413764127418,2.0024160000000006,1.1796466,1.93259072290461,0.2,7.0,2,0.2068837024321609,0.24833578300281176,0.5447805145650274,A,True
2025-2026,2025-12-20,Leeds,Crystal Palace,4,1,H,2,0,H,20,9,8,3,9,5,5,10,1,3,0,0,T Bramall,2.90786,1.53058,1449.5888152518362,1654.91404714734,5.992879978372144,-1.257383272120785,-205.32523189550372,2.0,2.0,4.6,4.6,3.2,1.846044,1.5843548,2.0897951694851,1.909324,1.1117397999999998,1.585184288383052,0.4,6.0,2,1.2,1.2,3.8,4.2,3.6,1.5169494,1.2860462,1.5767961977413167,1.3353282,1.3188632000000002,1.5843287874498155,0.0,6.0,2,0.2800508564623608,0.28633563529421024,0.4336135082434289,A,False
2025-2026,2025-12-20,Man City,West Ham,3,0,H,2,0,H,17,7,8,3,6,0,16,10,1,1,0,0,P Tierney,3.58188,1.02143,1815.643855186148,1496.013538247386,1.27702904297727,-0.2506979523445695,319.63031693876155,3.0,1.6,5.8,4.0,5.4,2.208174,1.4114022,2.249100871008116,2.366856,1.0200948,2.025895509814764,0.0,6.0,2,1.2,1.8,2.6,5.4,5.2,1.0208368,2.0047046,1.118848621968508,0.9652447999999998,2.62808,1.1881802229805534,0.6,6.0,2,0.8017094194495406,0.13809451579974324,0.06019606475071597,H,True
2025-2026,2025-12-20,Newcastle,Chelsea,2,2,D,2,0,H,11,13,5,4,6,4,13,14,3,6,0,0,A Madley,2.87863,1.0261,1639.409014988589,1679.9343460689377,3.2135355172349307,-1.2246607017424984,-40.52533108034868,2.0,1.2,5.8,2.4,7.6,1.7452718,1.346715,1.864234268923226,2.536578,1.3899958,1.4711460449761986,0.2,6.0,2,1.2,0.8,4.0,3.6,3.6,1.3588067999999998,1.3706466000000002,1.4078578001570643,1.851672,1.2974814,1.7704476507215832,0.4,7.0,2,0.511601964731936,0.26304999705460397,0.22534803821346017,H,False
2025-2026,2025-12-20,Tottenham,Liverpool,1,2,A,0,0,D,15,8,4,4,2,6,9,7,3,3,2,0,J Brooks,1.34905,1.23164,1555.933829857246,1743.8340609300706,-3.31453425240318,-4.935689705496064,-187.90023107282445,1.2,2.2,2.8,5.0,5.4,0.98604064,1.4911458000000002,1.0513059335482955,1.2969448,1.0960591999999998,1.0867451719097023,0.2,6.0,2,1.6,1.4,4.8,3.8,4.6,1.839548,1.1509547999999996,1.8663315837764776,1.764454,1.6522744,1.886554726292394,0.4,7.0,2,0.2619661115188333,0.2680704768804548,0.4699634116007118,A,True
2025-2026,2025-12-20,Wolves,Brentford,0,2,A,0,0,D,9,7,2,6,3,4,12,15,2,4,0,0,M Donohue,1.26823,1.56309,1404.394709333461,1579.9573026659164,-5.635150279380489,-5.905203622391992,-175.56259333245544,0.4,2.0,2.0,5.0,1.6,0.8526809999999999,1.8786240000000003,0.9408156074802922,1.1803142,1.911464,0.7884933692402509,0.0,7.0,2,1.0,1.6,2.4,5.0,4.6,1.535427,1.7081486,1.550159128297517,1.5091834,1.4054874000000002,1.565619490420434,0.2,6.0,2,0.26993044674566613,0.30218067847808466,0.4278888747762494,A,True
2025-2026,2025-12-21,Aston Villa,Man United,2,1,H,1,1,D,12,15,4,6,5,5,11,14,1,2,0,0,M Oliver,1.86917,1.30455,1706.3266609356317,1587.9548916236022,7.065069141131383,2.11914095834198,118.37176931202951,2.4,1.4,5.8,5.6,4.4,1.7974086,1.5277816,1.9515756982179568,1.6674332,1.286718,1.5227759828729768,0.0,7.0,1,2.2,1.6,7.0,3.6,6.6,2.657448,1.2541239999999998,2.7083376743579275,1.9584812,1.5826914,2.391471314387092,0.4,6.0,2,0.47142561766610946,0.2554879534806914,0.2730864288531992,H,True
2025-2026,2025-12-22,Fulham,Nott'm Forest,1,0,H,1,0,H,11,12,1,2,1,5,5,9,5,4,0,0,A Taylor,1.70568,0.486296,1559.0717228547765,1565.4550505608236,2.321057346410691,4.924948566787647,-6.383327706047112,2.2,2.0,4.6,4.2,5.2,1.3443924,1.3989856000000005,1.3574841515745253,1.3982195999999998,1.2368544,1.2235267653079285,0.0,9.0,1,1.4,1.0,4.4,3.4,6.0,1.1835449999999998,1.3016532,1.2589660164527603,0.6548004000000001,1.7088082,1.2965320400559208,0.0,8.0,1,0.4258211865456676,0.2768573955488528,0.29732141790547967,H,True
2025-2026,2025-12-26,Man United,Newcastle,1,0,H,1,0,H,10,16,4,3,2,11,9,5,2,1,0,0,A Taylor,0.940811,1.12998,1581.23592539966,1640.5701666535133,2.7178185930192003,0.4672059562012556,-59.33424125385318,2.4,1.8,7.0,4.2,5.8,2.463618,1.5969453999999996,2.523913356606337,2.330918,1.1254271999999996,2.193849257225802,0.4,5.0,2,2.0,1.4,5.8,2.4,7.8,1.8398878,1.060639,1.9287205511703007,0.9734342,1.3299037999999996,1.7270522186168895,0.4,6.0,2,0.36230888459241545,0.2745158315172508,0.36317528389033366,A,False
2025-2026,2025-12-27,Arsenal,Brighton,2,1,H,1,0,H,24,8,6,3,7,2,7,13,2,3,0,0,J Brooks,2.54318,0.710064,1818.5084862650504,1618.7606421454611,-0.8745999507102937,-3.1594317419429485,199.7478441195892,1.4,0.8,4.8,2.8,4.2,1.836876,0.9867466000000004,1.9557382771740277,2.088433,0.49076724,1.917070591467408,0.2,7.0,2,1.2,1.4,4.4,5.6,4.4,1.7460523999999995,1.909463,1.859137813584305,1.3446022000000002,1.3088571999999998,1.5478134324234367,0.4,7.0,2,0.7002231582343663,0.19251012334363718,0.10726671842199655,H,True
2025-2026,2025-12-27,Brentford,Bournemouth,4,1,H,2,0,H,15,20,7,10,2,15,9,8,2,2,0,0,P Bankes,2.8513,2.56183,1587.9630614483497,1584.282805314776,-2.393338023952188,-5.629199176837995,3.680256133573721,1.2,1.2,2.8,4.4,4.6,1.408087,1.7662969999999998,1.3662294306282876,2.2240748,1.2310484000000002,1.565159583071264,0.2,7.0,2,1.4,1.8,4.6,4.6,3.6,1.603579,1.34609,1.6270951929753044,1.8203132,2.6634480000000003,1.7145459052787135,0.6,7.0,2,0.40990948619060225,0.28747007555969484,0.30262043824970286,H,True
2025-2026,2025-12-27,Burnley,Everton,0,0,D,0,0,D,16,15,0,6,6,5,8,8,0,2,0,0,C Pawson,1.24948,1.25204,1392.6539570843447,1591.2192206214145,-3.0880099622309096,-1.1697820228524614,-198.56526353706957,1.0,2.0,3.6,3.8,6.2,1.2323366,1.9969874,1.320321205616366,1.0146294,1.8414534,1.1387990654756408,0.2,7.0,2,1.0,1.4,2.6,4.0,5.8,1.0027465999999998,1.579675,1.0862679620854316,0.898565,1.842853,1.0437018465146182,0.0,7.0,2,0.2893219138776265,0.29085821320348776,0.41981987291888556,A,False
2025-2026,2025-12-27,Chelsea,Aston Villa,1,2,A,1,0,H,14,11,3,8,6,7,16,8,5,3,0,0,S Attwell,1.97155,2.05918,1678.773194404013,1713.0456271595738,-2.4898854463818445,7.647033345057272,-34.27243275556043,1.2,1.2,3.8,4.2,2.6,1.2198407999999996,1.814184,1.3078681755742478,1.9740868,1.2580304000000002,1.63511171422675,0.6,7.0,2,2.4,1.4,6.0,5.8,4.8,1.8992866,1.4193555999999998,2.089946465852344,1.1799148000000002,1.6142980000000002,1.5857567132597084,0.0,6.0,2,0.3998409191689015,0.2736189647058339,0.3265401161252644,H,False
2025-2026,2025-12-27,Liverpool,Wolves,2,1,H,2,0,H,14,9,4,4,6,4,5,13,0,1,0,0,S Hooper,1.56502,0.780664,1748.897974114921,1396.3889505510276,1.590439362226584,-5.967497704266423,352.5090235638934,2.0,1.0,4.8,3.2,4.2,1.7273299999999998,1.1818467999999998,1.753539267061032,1.932338,1.3126964,1.7674793215119586,0.4,7.0,2,0.4,2.0,2.2,5.4,2.0,0.773509,1.9013760000000004,0.8393971192931005,0.4620554,1.938624,0.8757182111965689,0.0,7.0,2,0.8088591566127278,0.14052232164084197,0.05061852174643025,H,True
2025-2026,2025-12-27,Nott'm Forest,Man City,1,2,A,0,0,D,7,16,2,5,5,5,5,13,1,2,0,0,R Jones,0.600141,1.46468,1555.2713442904906,1820.440898763406,-2.6251391180315053,5.214997652447466,-265.1695544729155,0.8,1.2,3.4,2.8,5.8,1.0418861999999998,1.2842432,1.0783690809680258,1.876807,1.2662854,1.1492163964093898,0.0,5.0,2,3.4,1.2,6.6,3.6,4.8,2.433254,1.1345782,2.431878930191485,1.647502,1.2433538000000002,2.308801780757534,0.0,7.0,2,0.2053937618292283,0.2514309878094245,0.5431752503613473,A,True
2025-2026,2025-12-27,West Ham,Fulham,0,1,A,0,0,D,11,15,2,4,5,4,8,8,1,3,0,0,C Kavanagh,1.13719,1.11436,1491.2164946701278,1569.2554291251097,-1.866687919752096,2.952645887953395,-78.0389344549817,0.8,2.0,2.8,5.0,4.8,1.1469663999999995,2.0244826,1.2819368953736603,1.2565046,1.6055536,1.1578620006204527,0.4,7.0,2,2.2,2.0,3.6,4.2,4.0,1.1180704,1.4516912000000004,1.1684018375225222,0.9866208,1.901506,1.311190989797396,0.0,5.0,2,0.34600912953728824,0.29294863441267416,0.3610422360500375,A,True
2025-2026,2025-12-28,Crystal Palace,Tottenham,0,1,A,0,1,A,15,8,2,4,3,2,7,5,3,2,0,0,J Gillett,0.929681,0.870768,1628.1286273987384,1550.8699166723957,-7.883271553441816,-2.9442316761509337,77.25871072634277,1.0,2.0,3.6,5.6,3.8,1.5331994000000002,1.5348001999999998,1.595788771474359,1.9146950000000005,1.267097,1.574556280640758,0.0,8.0,2,1.2,1.8,3.2,4.2,5.6,1.2498372,1.2818198000000005,1.3576950435722834,0.84876624,1.874828,1.134436958835211,0.2,8.0,2,0.49382737030413143,0.27322923727808995,0.23294339241777873,H,False
2025-2026,2025-12-28,Sunderland,Leeds,1,1,D,1,0,H,8,17,3,6,3,9,7,9,1,0,0,0,T Harrington,0.805957,2.60653,1470.8310641540515,1476.3742350004377,7.389140530691293,12.111792968954944,-5.543170846386147,1.0,1.2,4.0,4.4,4.2,0.8898366,1.3347441999999998,0.990423496433006,1.042007,1.1950464,0.9356858433879576,0.4,8.0,2,2.6,1.8,5.2,4.6,4.4,2.05828,1.6185148000000005,2.31998898979563,1.2991362,1.8383626,1.8256707814043152,0.4,8.0,2,0.3778836227263035,0.28761412401032743,0.33450225326336913,H,False
2025-2026,2025-12-30,Arsenal,Aston Villa,4,1,H,0,0,D,22,11,7,3,3,3,18,9,2,3,0,0,D England,4.41335,2.94195,1823.3188487148768,1722.0623744082498,0.8110537900845323,8.678589097474395,101.25647430662684,1.6,0.8,5.2,2.6,5.0,2.099856,0.9703766,2.22767224626583,1.985369,0.45987024,2.030908665746061,0.0,3.0,2,2.6,1.6,6.4,5.6,4.8,2.0801506,1.675148,2.331253708655777,1.5213046,1.705686,1.6718336744852158,0.0,3.0,2,0.6004401532077319,0.22378144654278095,0.17577840024948707,H,True
2025-2026,2025-12-30,Burnley,Newcastle,1,3,A,1,2,A,15,20,4,9,3,4,9,3,2,1,0,0,R Jones,1.32551,2.49248,1397.8186803854956,1628.8788009305486,-0.5614496188434848,-4.958298455303238,-231.060120545053,0.8,1.4,3.2,4.2,6.2,1.3074276,1.5031834,1.398963604372063,1.162596,1.6255574,1.1589228717527968,0.4,3.0,2,1.2,1.4,4.8,2.8,8.6,1.5741197999999998,1.0465512,1.643368805805983,0.9428042,1.3466451999999995,1.618493633413819,0.4,4.0,2,0.17514984625134908,0.24420961388981838,0.5806405398588323,A,True
2025-2026,2025-12-30,Chelsea,Bournemouth,2,2,D,2,2,D,17,17,3,6,12,3,5,12,1,1,0,0,S Barrott,2.33294,3.49142,1669.7564471553374,1566.9681693831683,-5.016816146946612,-6.146186301044454,102.78827777216884,1.2,1.4,3.6,5.0,3.2,1.4557679999999995,1.980364,1.565706807188584,2.1209548000000003,1.2579044,1.696282311640068,0.4,3.0,2,1.2,2.0,5.4,4.8,6.0,1.7573970000000003,1.6824400000000002,1.8267628952064576,1.9232592,2.32114,1.868597558864402,0.6,3.0,2,0.4744771249634665,0.2695267930176078,0.2559960820189255,H,False
2025-2026,2025-12-30,Man United,Wolves,1,1,D,1,1,D,15,11,6,4,8,4,9,12,0,2,0,0,T Bramall,1.13306,1.21784,1592.9272911226249,1394.065540193373,2.496372055717261,-5.6603860784792985,198.8617509292519,2.2,1.6,6.6,4.2,5.4,2.3562442,1.3958194,2.401162501323596,2.1331202,1.1899993999999996,1.9660241195483836,0.4,4.0,2,0.6,2.2,2.2,5.0,2.2,0.7911241999999999,1.9834080000000005,0.8667768607455256,0.4829236,2.046666,0.8584356273426472,0.0,3.0,2,0.7011047032404882,0.2007802487609583,0.0981150479985532,H,False
2025-2026,2025-12-30,Nott'm Forest,Everton,0,2,A,0,1,A,21,11,6,3,9,2,11,9,1,0,0,0,M Oliver,1.75445,1.69525,1551.701037284807,1586.0544973202634,-0.9036719250848676,0.8845045838289464,-34.353460035456465,1.0,1.2,3.2,2.6,5.0,0.9698493999999996,1.1657392,1.0147443478104954,1.5857351999999998,1.0475614,1.049384506153137,0.0,3.0,2,0.8,0.6,3.4,2.4,5.2,1.0509046000000002,1.3378070000000002,1.0978671873541728,0.9900486,1.596769,1.0815815107846876,0.2,3.0,2,0.4164903758359805,0.29742045210552004,0.28608917205849954,H,False
2025-2026,2025-12-30,West Ham,Brighton,2,2,D,2,1,H,10,16,4,6,5,5,11,18,3,5,0,0,M Salisbury,2.27644,3.08914,1483.4256090735755,1613.950279695635,-2.2224972258527744,-6.557032825991558,-130.52467062205915,0.8,1.8,3.2,4.8,4.4,1.3015739999999998,1.9337686,1.4353465880070009,1.4318924,1.1351555999999998,1.1541034550530975,0.4,3.0,2,1.0,1.8,3.8,6.2,4.4,1.4766251999999995,2.2260340000000003,1.6011046161641502,1.208299,1.7436124,1.3954953538009938,0.4,3.0,2,0.33266809521302665,0.2845469263768401,0.38278497841013337,A,False
2025-2026,2026-01-01,Brentford,Tottenham,0,0,D,0,0,D,7,9,2,3,3,1,8,10,1,2,0,0,A Madley,0.556304,0.608309,1605.277697379957,1563.0576597916418,-0.4240265207879687,1.557185485838687,42.220037588315336,1.4,1.2,3.4,6.0,4.0,1.2341350000000002,2.103858,1.2699178676276817,2.6555832,1.5241204,1.7990032952401251,0.2,5.0,2,1.2,1.4,3.6,4.0,4.4,1.2151988,1.3688088000000005,1.330347661150848,0.8852802399999999,1.7646622,1.0864971481378998,0.2,4.0,2,0.4316140576297161,0.28472469105433895,0.2836612513159449,H,False
2025-2026,2026-01-01,Crystal Palace,Fulham,1,1,D,1,0,H,11,17,2,5,6,3,7,10,0,5,0,0,T Harrington,2.35346,1.75434,1615.9408842794924,1577.0463147216617,-7.761100495396176,2.446954469123412,38.89456955783089,0.8,1.8,3.4,5.2,3.6,1.2920136000000002,1.4134178,1.3416463772325364,1.1880632000000004,1.0318306000000002,1.4573062296151655,0.0,4.0,2,2.0,1.8,3.8,4.2,4.4,1.2419952000000003,1.4703372,1.2866948704416037,1.0408228000000002,1.862028,1.2754035371069603,0.0,5.0,2,0.4578275482765293,0.28294314153466454,0.25922931018880635,H,False
2025-2026,2026-01-01,Liverpool,Leeds,0,0,D,0,0,D,19,4,4,2,8,3,10,8,0,2,0,0,C Kavanagh,1.67833,0.15936,1751.2213844725757,1476.2147032543303,0.8527536205477814,12.486454314205846,275.00668121824515,2.0,1.2,4.6,4.0,5.0,1.726748,1.2651491999999998,1.7312218506547858,1.723398,0.9625952,1.7306685357825116,0.4,5.0,2,2.4,1.4,5.6,3.4,6.0,2.229302,1.2091222,2.412132583219564,1.3541382,1.8976246,1.9676451847853489,0.6,4.0,2,0.656111009970638,0.20993850900262226,0.13395048102673954,H,False
2025-2026,2026-01-01,Sunderland,Man City,0,0,D,0,0,D,10,14,4,4,3,5,9,6,1,1,0,0,J Gillett,0.962141,2.44247,1470.9905959001587,1824.0112057690897,4.475106817797721,5.522491359111849,-353.02060986893093,0.6,1.0,3.4,4.4,3.6,0.817118,1.4975022,0.8976339024164719,0.9982364,1.5810878,0.9120987809537834,0.6,4.0,2,3.2,1.0,5.8,3.2,4.2,2.155606,0.9043224,2.1970478811278715,1.7211440000000002,1.2246304,2.155325093347073,0.0,5.0,2,0.1344249037006692,0.22259735124928626,0.6429777450500447,A,False
2025-2026,2026-01-03,Aston Villa,Nott'm Forest,3,1,H,1,0,H,11,10,4,5,4,4,10,20,1,2,0,0,S Hooper,1.42988,0.8982,1709.5229111981755,1538.1793807407817,4.354007333186564,-4.873475270752433,171.34353045739408,2.0,1.8,5.0,5.6,4.2,2.0370506,2.165222,2.353204116638392,1.6941232,1.4471696,1.902763915487904,0.0,4.0,3,0.8,1.6,3.8,3.0,5.0,1.0959613999999998,1.2998672,1.1726201793180815,0.6845218,1.2866202,1.1775782323071122,0.0,4.0,3,0.5891258595104555,0.24033361210308676,0.17054052838645772,H,True
2025-2026,2026-01-03,Bournemouth,Arsenal,2,3,A,1,1,D,15,12,3,5,7,5,13,8,3,1,0,0,C Kavanagh,0.947846,1.28,1569.8432573100345,1835.8583119249504,-3.478744777119533,1.9509024682592715,-266.0150546149161,1.6,2.2,6.2,4.8,6.4,2.3285980000000004,1.9098820000000003,2.4700733450348578,1.6025571999999997,0.609027,2.1636561845254194,0.8,4.0,3,2.0,1.0,5.2,3.0,4.8,2.456274,1.4410234000000002,2.677083228395326,1.956216,1.1218348,2.4640798174285954,0.0,4.0,3,0.26089667385298976,0.2623994615878153,0.476703864559195,A,True
2025-2026,2026-01-03,Brighton,Burnley,2,0,H,1,0,H,15,5,4,3,4,4,7,17,0,4,0,0,T Robinson,1.4717,0.254551,1610.3607786616228,1391.5443409324114,-5.458243910520972,-1.0641810684127413,218.81643772921143,0.8,1.4,3.6,5.0,4.4,1.7018571999999996,2.049832,1.7727465988882087,1.720356,1.746654,1.7034307440189949,0.6,4.0,3,1.0,1.8,3.2,5.4,6.2,1.3388256,1.80412,1.4290290565812331,1.2717046,2.579042,1.1892114405250156,0.4,4.0,3,0.6125594176307102,0.23549056459792422,0.1519500177713654,H,True
2025-2026,2026-01-03,Wolves,West Ham,3,0,H,3,0,H,11,6,8,0,6,7,11,10,1,0,0,0,P Bankes,2.23925,0.235678,1399.2365180475867,1487.0151101075878,-3.3607184707740223,-1.98928185268661,-87.77859206000107,0.8,2.2,2.8,5.6,2.4,0.8297701999999999,1.985242,0.9128318762058704,1.3600794,1.945766,0.9237818769167112,0.2,4.0,3,1.0,2.0,3.4,5.2,4.2,1.4836939999999998,2.0962486,1.637403306333176,0.9966209999999996,2.732756,1.3581646450434437,0.4,4.0,3,0.3204153662865649,0.2985458477317888,0.3810387859816464,A,False
2025-2026,2026-01-04,Everton,Brentford,2,4,A,0,1,A,14,11,6,7,4,5,9,8,0,2,0,0,A Taylor,1.00566,3.05179,1599.5761538642887,1604.068453415717,1.496411954082277,0.7021686502040667,-4.492299551428232,1.0,0.6,3.4,3.2,4.4,1.1508086,1.561614,1.1938811123610786,1.2374546,1.4272275999999997,1.1931575997329262,0.2,5.0,2,1.4,0.8,3.6,5.2,3.0,1.2276526000000003,1.6992678,1.2430519543940974,1.1285314,1.6070832,1.5730579688328294,0.4,3.0,2,0.473294137778277,0.2823088519760961,0.24439701024562677,H,False
2025-2026,2026-01-04,Fulham,Liverpool,2,2,D,1,0,H,8,10,2,2,3,8,11,4,1,1,0,0,C Pawson,0.609182,1.7188,1578.161137227463,1744.628619284386,3.504491902709913,0.9253739925917543,-166.46748205692256,1.4,1.0,3.6,3.8,3.6,1.3983362,1.5485792000000005,1.4317174616041386,1.6388892,0.9184676000000002,1.3624828939966038,0.2,3.0,3,1.8,1.0,4.6,3.2,5.2,1.7871480000000002,1.1544887999999998,1.7957289246401555,1.59882,1.6746424000000002,1.7211524383675094,0.4,3.0,2,0.27533535597706527,0.28355824201140006,0.44110640201153467,A,False
2025-2026,2026-01-04,Leeds,Man United,1,1,D,0,0,D,11,15,3,2,6,4,9,9,0,1,0,0,J Gillett,0.970138,1.94781,1482.8074684425203,1587.756313268411,8.797975110658808,1.9468613185107515,-104.94884482589076,1.8,1.2,5.0,3.8,5.8,1.820234,1.3519846000000002,1.951127213618272,2.194794,1.2802162,1.6388660602789211,0.8,3.0,2,2.2,1.6,7.0,4.4,5.8,2.1275082,1.3662194,2.1580805330701813,1.7131572000000002,1.4345813999999997,1.814576097812313,0.4,5.0,3,0.2851990921460973,0.26532548531947203,0.4494754225344305,A,False
2025-2026,2026-01-04,Man City,Chelsea,1,1,D,1,0,H,14,8,3,3,8,2,12,14,3,3,0,0,M Oliver,1.03049,2.03726,1816.3285755546528,1666.8813592284714,3.1513923837982984,-0.5848014911348085,149.4472163261812,2.2,0.2,5.8,2.8,4.8,2.2516499999999997,0.9022236,2.2666877413599877,2.587252,1.0654564,2.20753325819306,0.2,3.0,2,1.4,1.2,3.8,5.2,5.2,1.7295524,2.237708,1.8714042750358235,1.545232,1.4621074,1.8120382549782372,0.6,5.0,2,0.6566029812365263,0.2124811970203924,0.1309158217430812,H,False
2025-2026,2026-01-04,Newcastle,Crystal Palace,2,0,H,0,0,D,12,11,7,1,8,6,5,12,1,3,0,0,J Brooks,2.72764,1.27825,1635.1531403836327,1614.8260617736903,-3.1516767017762635,-8.73620143760414,20.32707860994219,1.4,1.2,5.2,3.2,7.2,1.6954998,1.1012432,1.7168949166565497,2.34898,1.527678,1.777400245520397,0.2,5.0,2,0.8,2.0,3.2,5.4,4.0,1.5651462,1.5305817999999998,1.6520438878419186,1.2058662,1.4726832,1.6202432787760443,0.2,3.0,2,0.5552715908208895,0.25233343814269243,0.19239497103641812,H,True
2025-2026,2026-01-04,Tottenham,Sunderland,1,1,D,1,0,H,13,10,5,3,3,5,10,6,2,3,0,0,S Attwell,1.4175,0.467481,1564.266903755882,1478.6732261145958,1.2472804157765978,4.620459451003223,85.59367764128615,0.8,1.0,3.8,3.0,3.0,1.1264506,1.1029536000000002,1.2285824663304497,1.2638328,1.271941,0.9995538484764634,0.2,3.0,2,0.4,0.8,3.0,4.4,3.6,0.8670138,1.7107302,0.9656293233141408,0.8845911999999998,1.7524524,0.9211973662349136,0.6,3.0,2,0.5530438814920117,0.26716855698972636,0.17978756151826186,H,False
2025-2026,2026-01-06,West Ham,Nott'm Forest,1,2,A,1,0,H,14,13,3,5,6,5,15,9,3,0,0,0,T Harrington,1.73697,1.26683,1465.1855163976193,1530.030269039597,-7.123535896762341,-3.3002363392007688,-64.84475264197772,0.8,2.4,2.4,6.0,4.4,1.1895496,2.1239446,1.308773958912864,1.6044144,1.6482606,1.1540761641264536,0.2,3.0,3,1.0,1.6,4.2,2.8,5.2,1.2131333999999998,1.3351472000000002,1.3110493539166044,0.8030632000000001,1.4412759999999998,1.1267821900694557,0.0,3.0,3,0.3043523740608789,0.2906204556720736,0.4050271702670475,A,True
2025-2026,2026-01-07,Bournemouth,Tottenham,3,2,H,2,1,H,11,16,3,4,3,7,19,10,3,3,0,0,D England,1.19014,1.6261,1566.2872029186904,1561.8519790463708,-4.656507092398689,-2.601090127219602,4.435223872319511,2.0,2.8,5.8,5.0,6.8,2.2343052000000005,2.0313616000000003,2.3860919453730367,1.6608062,0.8039283999999999,1.9425997873389795,0.6,4.0,3,0.6,1.2,3.4,3.4,2.2,0.9251746,1.1023372000000002,0.9907770953826408,0.5882880399999999,1.595283,1.0755440578443791,0.4,3.0,3,0.5405598149046709,0.25707463982787426,0.20236554526745482,H,True
2025-2026,2026-01-07,Brentford,Sunderland,3,0,H,1,0,H,18,11,6,3,7,4,13,13,2,1,0,0,M Donohue,3.86096,1.50644,1618.8745160610586,1481.0881508241068,7.028766780366385,5.948221390581148,137.78636523695172,2.2,0.8,4.8,5.0,2.8,1.7438980000000002,1.4156238,1.7961744882128792,2.112592,1.2221062,1.8419183381359516,0.4,3.0,3,0.6,0.4,3.4,4.2,3.6,0.8352128000000001,1.5110202,0.9127269431134144,0.6679673999999999,1.7932884000000002,0.8387034814649293,0.8,3.0,3,0.5619971068673565,0.25701233993696365,0.18099055319567992,H,True
2025-2026,2026-01-07,Burnley,Man United,2,2,D,1,0,H,7,30,1,10,2,6,9,8,2,0,0,0,S Attwell,0.31971,2.52488,1384.9131029817872,1584.8242821517538,-1.6380313988351722,-0.6165506805843399,-199.91117916996652,0.8,1.8,3.2,4.8,5.2,1.0729858,1.7370440000000005,1.1350674326618102,1.2918626,1.6207553999999995,1.0192731786113762,0.4,4.0,3,1.6,1.6,5.4,4.6,4.8,1.7076541999999997,1.5078176,1.7790671470839812,1.9194752,1.318477,1.83880044366462,0.6,3.0,3,0.2216346733693107,0.26311303072796205,0.5152522959027271,A,False
2025-2026,2026-01-07,Crystal Palace,Aston Villa,0,0,D,0,0,D,11,15,5,3,3,5,8,3,2,0,0,0,A Madley,1.32505,2.07015,1600.7026523534005,1717.6720228993604,-13.01195027120951,3.227003919554668,-116.96937054595992,0.4,2.2,2.4,6.0,4.4,1.4785782,1.9227556,1.5746760567280358,1.5118436000000004,1.2185990000000002,1.5580626826349453,0.2,3.0,3,2.2,1.8,4.6,4.8,4.4,1.7790545999999998,1.972932,1.984226150318129,2.0226906,2.2943140000000004,1.8167850217628303,0.0,4.0,3,0.31442690773813076,0.277755269707991,0.4078178225538783,A,False
2025-2026,2026-01-07,Everton,Wolves,1,1,D,1,0,H,13,13,2,4,2,7,13,15,1,3,2,0,T Kirk,1.63321,0.71329,1584.770091218947,1421.0661117575553,-4.66786184677463,2.982206046983314,163.70397946139178,0.8,1.4,3.6,4.0,4.0,1.1012446,2.1095040000000003,1.147817961931636,1.1579466,1.6189315999999998,1.1590671270542123,0.2,3.0,3,1.2,1.4,4.0,3.6,3.4,1.2251908,1.2229616,1.301648522915785,0.6845048,1.890864,1.162957899295491,0.2,4.0,3,0.5714172530072513,0.2587659498379144,0.1698167971548345,H,False
2025-2026,2026-01-07,Fulham,Chelsea,2,1,H,0,0,D,16,14,5,6,2,11,11,6,3,3,0,1,P Bankes,1.06013,2.45107,1582.6166185410775,1670.9357728801265,5.846655114980113,0.6926326762064796,-88.31915433904874,1.6,1.0,3.2,3.2,3.0,1.3668184,1.5501212000000002,1.4038642919745468,1.3783116,1.2202408,1.2255190950881305,0.4,3.0,3,1.6,1.4,3.6,4.8,5.6,2.002484,2.1599440000000003,2.222438246476934,1.284182,1.6388146,1.8529876631640123,0.6,3.0,3,0.35739058747883595,0.29141467086008754,0.35119474166107667,H,True
2025-2026,2026-01-07,Man City,Brighton,1,1,D,1,0,H,22,6,6,3,6,2,6,16,1,6,0,0,T Bramall,2.95904,1.33162,1812.2741619029975,1616.992016612247,1.4957326557916168,-3.3636610183141245,195.2821452907508,1.8,0.4,5.2,3.2,5.2,1.974538,1.1843784,2.026817398586675,2.295352,1.2929392,1.993525393067049,0.4,3.0,3,1.0,1.2,3.6,4.6,3.2,1.5760431999999998,1.7594622000000002,1.6265017929550318,1.6366962,1.8064384,1.6612978814700865,0.4,4.0,3,0.6967201058494661,0.1975785032703501,0.10570139088018365,H,False
2025-2026,2026-01-07,Newcastle,Leeds,4,3,H,1,2,A,18,14,8,6,8,4,11,10,3,2,0,0,M Salisbury,2.43495,2.35318,1649.2765498039228,1485.7394995591776,-1.0793920774206351,7.984812760130303,163.53705024474516,1.4,1.0,5.2,2.8,7.0,1.8796118,1.0401432,1.9676171713097117,2.340896,1.479326,1.9501711099712336,0.2,3.0,3,1.4,0.8,4.6,2.8,6.0,1.6555956000000005,1.3319366,1.7404532665690713,1.3141722,1.7050366,1.5172791402282084,0.8,3.0,3,0.6090558444022727,0.2339785679606502,0.1569655876370772,H,True
2025-2026,2026-01-08,Arsenal,Liverpool,0,0,D,0,0,D,9,8,4,0,3,0,10,9,2,2,0,0,A Taylor,0.701832,0.318642,1839.4143663162947,1740.1731379707717,5.418939100396917,1.433846303728873,99.24122834552304,2.4,1.0,4.4,2.4,5.2,2.340344,1.0866206,2.5265191932263877,2.696804,0.9781534399999998,2.2487925778961237,0.0,5.0,3,1.6,0.8,3.6,2.6,6.0,1.7212980000000002,0.9176591999999996,1.7644986568467935,1.518904,1.1422268,1.7207247223006896,0.4,4.0,3,0.590806587098859,0.23825226276501943,0.17094115013612154,H,False
2025-2026,2026-01-17,Chelsea,Brentford,2,0,H,1,0,H,6,15,2,5,3,9,7,10,3,2,0,0,J Brooks,1.62263,1.47521,1658.4471186652477,1629.776670045948,-4.297445480737962,9.963873476006352,28.670448619299577,1.4,1.8,3.8,5.4,7.0,1.963784,2.1039700000000003,2.1726177448838624,2.3448788,1.6460684,1.9617299062251008,0.6,10.0,2,2.6,0.6,5.6,4.8,4.2,2.3766888,1.3900937999999996,2.424265164638151,1.5747898,1.6613036,2.209016822111233,0.2,10.0,2,0.47132779702386424,0.2564044004390844,0.2722678025370513,H,True
2025-2026,2026-01-17,Leeds,Fulham,1,0,H,0,0,D,14,8,5,1,7,3,6,11,1,5,0,0,C Kavanagh,2.16898,0.258796,1480.1271263926274,1595.105272755956,6.107662228158192,7.2067099802359476,-114.97814636332872,1.8,1.4,5.0,4.0,6.2,1.7994135999999998,1.6795254,1.912864749376808,1.9445416,1.5700476,1.6692611147321703,0.6,10.0,2,1.4,0.8,3.4,2.8,2.6,1.2487384,1.6293632000000002,1.3334710142699175,1.0876888,1.779108,1.195448350526652,0.4,10.0,2,0.3773275667411002,0.29545282487972513,0.32721960837917485,H,True
2025-2026,2026-01-17,Liverpool,Burnley,1,1,D,1,0,H,32,7,11,1,9,1,8,10,1,2,0,0,A Madley,3.49045,0.546971,1742.9543002590412,1390.1061747220376,-0.1759521342058552,0.5382589269347813,352.8481255370036,1.2,0.8,2.8,3.2,5.6,1.3024863999999998,0.7200175999999997,1.3170613914250542,1.765022,0.9074632,1.4658005909732914,0.6,9.0,2,0.8,1.6,1.8,6.0,3.6,0.7259558,1.911914,0.7770272826777112,1.0135268,2.3571180000000003,0.8920798734093077,0.6,10.0,2,0.7956542251056978,0.1465795869006964,0.05776618799360586,H,False
2025-2026,2026-01-17,Man United,Man City,2,0,H,0,0,D,11,7,7,1,1,6,13,8,2,3,0,0,A Taylor,3.07278,0.387015,1579.6312104115034,1807.1790659408105,-1.6647362424197794,-1.69295784906751,-227.54785552930684,1.2,1.2,5.6,3.0,5.0,1.5702222,1.1013676,1.5645308554824298,1.9672702,1.2441365999999996,1.963542181180144,0.6,10.0,2,1.4,0.6,5.2,3.0,6.0,2.2957119999999995,1.1905183999999998,2.3642419779211807,1.93581,1.2482774,2.1690735034184945,0.6,10.0,2,0.28146072727840726,0.27802762035965506,0.44051165236193746,A,False
2025-2026,2026-01-17,Nott'm Forest,Arsenal,0,0,D,0,0,D,6,15,0,3,4,9,8,14,1,1,0,0,M Oliver,0.318481,2.86323,1538.185260343821,1836.6332040280247,-5.4539580434004975,4.510632204907454,-298.4479436842041,0.8,1.8,4.0,3.2,5.6,1.0011833999999995,1.606492,1.0699972431149185,1.6264932,1.2033674,1.1522454282386454,0.0,11.0,2,2.0,0.8,4.8,2.0,4.2,2.1571184,1.026355,2.386013395635445,1.7089180000000002,1.1755686,1.9675270182786464,0.2,9.0,2,0.2292077326563502,0.27170934446222134,0.49908292288142847,A,False
2025-2026,2026-01-17,Sunderland,Crystal Palace,2,1,H,1,1,D,13,6,7,2,3,4,8,15,3,3,0,0,R Jones,1.84601,1.15169,1470.1859968392173,1603.947619567439,0.714891553115821,-10.19328551598022,-133.7616227282217,0.4,1.0,3.8,5.0,3.8,1.0104918,2.2493464,1.0988894170129766,0.9545286,1.8680998,0.9601101211985784,0.8,10.0,2,0.4,1.6,2.6,5.4,4.6,1.4834042,2.0661516,1.5650902905777442,1.3914094,1.8469762000000003,1.5156967403376824,0.4,10.0,2,0.33087485032843134,0.29897988609127457,0.3701452635802941,A,False
2025-2026,2026-01-17,Tottenham,West Ham,1,2,A,0,1,A,21,17,6,4,11,5,12,17,5,3,0,0,J Gillett,1.65292,2.76761,1551.9796281171812,1457.0305250933952,-0.790840348012973,-7.796602630798179,94.94910302378594,1.0,1.2,4.0,2.8,3.0,1.1743454000000002,0.8750492000000001,1.251960725069264,1.517942,0.6969351999999998,1.1756451382363102,0.4,10.0,2,0.6,2.2,2.4,6.2,4.6,1.2815416,2.258292,1.373405546623204,0.9440259999999996,2.736326,1.2600568615580074,0.2,11.0,2,0.565986422867221,0.2622470050569391,0.17176657207583973,H,False
2025-2026,2026-01-18,Aston Villa,Everton,0,1,A,0,0,D,18,9,5,3,6,4,15,13,1,2,0,0,T Harrington,0.905393,0.745859,1714.427055685322,1580.3785855426431,1.620078949937986,-3.05381566806666,134.04847014267853,1.6,1.4,4.4,5.2,4.8,2.074066,1.98254,2.3069697662544923,1.811318,1.3529816,1.8628513814423155,0.2,11.0,1,1.0,1.2,3.6,3.8,3.0,1.1598866,1.7232480000000003,1.1593494402856055,1.1276166,1.711523,1.2452749221352646,0.4,11.0,2,0.5925069170586902,0.2411172081938385,0.1663758747474714,H,False
2025-2026,2026-01-18,Wolves,Newcastle,0,0,D,0,0,D,6,12,2,2,4,7,14,8,2,2,0,0,S Barrott,0.390216,0.813313,1425.457617433859,1654.888922970473,4.212581620079634,3.0959815963768342,-229.431305536614,1.2,1.2,4.4,3.6,4.8,1.2438547999999998,1.2260116,1.3025574338558936,1.2916654,1.6838136,1.0812000994235835,0.4,11.0,1,2.2,1.4,6.4,3.8,7.4,2.332736,1.3847702,2.417210004757705,1.3365772,1.3289811999999996,2.0383127263401004,0.2,11.0,2,0.1850386702044922,0.24262072629822343,0.5723406034972842,A,False
2025-2026,2026-01-19,Brighton,Bournemouth,1,1,D,0,1,A,17,11,5,2,11,6,7,6,2,3,0,0,P Tierney,0.995777,1.69737,1622.0871125744345,1576.15955384788,-0.1786109302879655,-2.6724656927754,45.92755872655448,1.2,1.0,4.0,5.0,3.2,1.5043591999999997,1.8687302000000003,1.5577570726100871,1.4864419999999998,1.7257262,1.6013564484755252,0.6,12.0,1,1.8,2.4,4.6,4.0,6.6,2.0019412,1.7141736,2.135975769772913,2.441574,2.28973,1.8057889169137105,0.4,12.0,1,0.4022870170491545,0.28731354862954445,0.310399434321301,H,False
2025-2026,2026-01-24,Bournemouth,Liverpool,3,2,H,2,1,H,12,14,5,4,3,11,7,7,1,1,0,0,M Salisbury,3.31474,0.937335,1577.473808951967,1735.2737051326128,-1.3617992725618084,-2.724853796461651,-157.79989618064587,1.8,2.4,4.8,4.8,6.8,1.9777212,1.8172234000000005,2.166683725143313,1.2022362,1.050992,1.7860763865657627,0.4,5.0,1,1.0,0.8,4.2,2.6,6.2,1.7542484000000005,0.5596017999999997,1.7084941588054754,1.3770124,0.9635092,1.833918665341784,0.8,7.0,1,0.3239401316898319,0.27280697163182815,0.40325289667833997,A,False
2025-2026,2026-01-24,Burnley,Tottenham,2,2,D,1,1,D,9,18,4,11,1,3,8,9,1,0,0,0,P Bankes,1.54884,2.59093,1397.786769848466,1539.312834812435,1.026562552824269,-2.311416371992073,-141.52606496396902,0.8,1.6,1.8,8.0,3.2,0.7392443999999999,2.2463100000000003,0.802298707411509,1.223616,1.7815454,0.8293328055167063,0.6,7.0,1,1.0,1.2,4.4,2.8,4.8,1.2351194,1.1822432000000005,1.259405465821219,0.9074946,1.377657,1.262422385829708,0.4,7.0,1,0.18605118421918615,0.2590943997038807,0.5548544160769329,A,False
2025-2026,2026-01-24,Fulham,Brighton,2,1,H,0,1,A,12,13,4,5,6,6,10,6,1,1,0,0,M Oliver,1.13243,1.94652,1581.9116777081003,1620.7728574703476,2.5312497165981656,0.4024430649772893,-38.86117976224728,1.2,1.0,3.4,3.4,3.0,0.9593616,1.9659,1.0285224288247603,1.0228796,1.6659012,1.0251479231581695,0.4,7.0,1,1.4,1.2,4.2,4.2,4.8,1.5196601999999997,1.9461162,1.5872622071840443,1.7756128000000004,2.230337,1.4912510942072477,0.6,5.0,1,0.3927700239031217,0.2934286459191678,0.3138013301777107,H,True
2025-2026,2026-01-24,Man City,Wolves,2,0,H,2,0,H,11,11,4,1,4,6,16,14,1,3,0,0,F Hallam,1.0654,0.542683,1783.5543201335952,1431.2436227692124,-7.377315725962188,6.970934443636983,352.3106973643828,0.8,1.0,3.8,3.8,6.0,1.6567389999999995,1.6007884,1.7312819779904949,2.568076,1.3536431999999998,1.8450628664333133,0.6,7.0,1,1.2,0.8,4.4,2.8,5.0,1.0682519999999998,1.0760562000000002,1.121492751990007,0.8048704000000001,1.420822,0.9555666268011138,0.6,6.0,1,0.7499313514156037,0.17053045983215603,0.07953818875224056,H,True
2025-2026,2026-01-24,West Ham,Sunderland,3,1,H,3,0,H,13,7,5,2,3,3,9,16,2,4,0,0,T Bramall,2.18675,0.713838,1469.6973183981413,1483.856387874093,-4.303835254397304,2.605064744008317,-14.159069475951584,1.0,1.8,2.6,5.8,5.6,1.6307775999999996,1.8725,1.6988350446992846,1.3583523999999998,1.5266706,1.5341574321838245,0.2,7.0,1,0.8,1.2,4.0,4.6,3.6,1.1176058,2.29583,1.2101007789940716,0.9247018,1.9980224,1.1211828264352006,0.6,7.0,1,0.3870156304514589,0.28655433222602217,0.32643003732251874,H,True
2025-2026,2026-01-25,Arsenal,Man United,2,3,A,1,1,D,15,10,4,3,9,2,11,9,2,0,0,0,C Pawson,1.42411,0.640902,1829.6757716223128,1603.2559562187184,2.233457071452458,4.40400616381163,226.41981540359416,1.8,0.8,5.0,1.8,5.4,2.3603184,1.0473966,2.5802333888114037,2.3815164,1.0358684,2.1303821058643466,0.4,8.0,1,1.4,0.8,5.8,2.4,4.2,1.9238682,0.8049365999999998,2.0081408881114995,2.2604,1.111355,2.1652217846019357,0.6,8.0,1,0.6923651362886095,0.19702449222248047,0.11061037148890987,H,False
2025-2026,2026-01-25,Brentford,Nott'm Forest,0,2,A,0,1,A,10,7,1,2,6,5,11,10,1,0,0,0,S Barrott,2.00413,1.38958,1616.0116708060632,1545.1426927495336,5.6097218715427015,-2.0257303081913696,70.86897805652961,2.2,1.0,5.4,4.8,5.2,2.3591128,1.4609738,2.4577801576667,2.337326,1.4369388,2.0755973999091903,0.2,8.0,1,0.8,1.6,3.6,3.6,5.4,0.9676203999999996,1.838002,1.046898901370207,0.8175112,1.430124,1.0006518958316188,0.2,8.0,1,0.49500114652976746,0.270348727978038,0.2346501254921945,H,False
2025-2026,2026-01-25,Crystal Palace,Chelsea,1,3,A,0,1,A,13,10,7,6,4,5,11,10,2,2,1,0,D England,2.41793,3.08817,1590.2772285325634,1672.2121179051326,-7.570279773235069,-1.3122152997761305,-81.93488937256916,0.4,1.2,2.4,5.2,4.4,1.4076262,1.8537816,1.4950218721579578,1.6089442000000005,1.5052216,1.4495136966399218,0.4,8.0,1,1.4,1.4,3.4,5.4,6.8,2.08309,1.823286,2.300928001928777,1.43021,1.7186519999999998,1.9000753778205368,0.4,8.0,1,0.3376603462542263,0.28371356599490843,0.37862608775086537,A,True
2025-2026,2026-01-25,Newcastle,Aston Villa,0,2,A,0,1,A,15,14,4,8,6,5,7,12,1,2,0,0,J Gillett,1.95484,1.32143,1649.1029176351196,1700.749522931162,1.7065501963213052,-2.459220845682419,-51.64660529604225,1.8,1.0,5.8,3.4,7.6,1.9196726,1.2575934,1.92700117870218,2.346776,1.458666,1.815585503369173,0.2,7.0,1,1.2,1.4,4.6,4.6,5.0,1.8813106,1.8708018,2.1019972414443755,2.1647646,2.1899880000000005,1.6887680393618945,0.2,7.0,1,0.4624522589302174,0.26478746492751876,0.2727602761422636,H,False
2025-2026,2026-01-26,Everton,Leeds,1,1,D,0,1,A,10,14,3,4,4,4,9,13,0,3,0,0,S Hooper,0.889916,1.6766,1594.056118296803,1493.320721440483,0.5673795350778217,3.389297288009073,100.73539685632,1.2,1.0,4.0,4.4,3.4,1.2664038000000002,1.5348806000000002,1.278259647794261,1.0233746,1.676694,1.1544720272015798,0.4,8.0,1,1.2,1.2,4.4,3.6,5.8,1.6516376000000002,1.4251686,1.7325304924920544,1.700916,1.6938326,1.7601190938717757,0.6,9.0,1,0.47888035479947,0.2790363252732006,0.2420833199273294,H,False
2025-2026,2026-01-31,Brighton,Everton,1,1,D,0,0,D,11,7,2,4,5,2,13,14,1,2,0,0,C Kavanagh,1.42825,1.28126,1609.65898406625,1591.2353244542871,-0.8582591258769859,1.0361654268047586,18.42365961196288,1.4,1.2,4.6,3.8,5.6,1.7669514,1.6639662000000002,1.825657581730853,1.4900998,1.6252422,1.5740272588968387,0.6,7.0,2,1.4,1.2,3.4,5.2,3.2,1.193979,1.6203046,1.222962520156067,1.2457758,1.4378616,1.106370931346747,0.4,5.0,2,0.5243856131710158,0.26408214235201855,0.2115322444769656,H,False
2025-2026,2026-01-31,Chelsea,West Ham,3,2,H,0,2,A,14,11,6,6,9,3,11,13,3,2,0,1,A Taylor,2.66133,1.72585,1683.7388549970135,1485.3082763747657,2.796481568335233,0.376533460237994,198.43057862224785,1.8,1.2,4.0,5.2,6.6,2.306414,1.895036,2.5054201782769043,1.8727208,1.918818,2.116092581853166,0.4,6.0,2,1.6,1.8,3.2,5.4,5.2,1.8406896,1.7923955999999996,1.8935392279975365,1.4193915999999998,2.370312,1.6528106263322198,0.2,7.0,2,0.627814053888322,0.2215611575878331,0.1506247885238447,H,True
2025-2026,2026-01-31,Leeds,Arsenal,0,4,A,0,2,A,3,14,1,8,4,12,10,7,1,1,0,0,S Attwell,0.17871,3.54427,1496.1415152829995,1813.947715292086,3.985362405733747,-1.8742266845580664,-317.8062000090865,1.2,1.2,4.0,3.6,4.8,1.4656516,1.4419604,1.5777077183969823,2.0090016,1.3498507999999998,1.7449338040769071,0.6,5.0,2,1.8,1.2,4.6,1.8,5.8,2.1365044,1.0335642000000005,2.335755142133956,1.8156780000000008,0.9982748,2.0019689957071924,0.4,6.0,2,0.17097987516800192,0.24949192997270808,0.5795281948592899,A,True
2025-2026,2026-01-31,Liverpool,Newcastle,4,1,H,2,1,H,17,8,7,2,7,11,11,7,1,3,0,0,S Hooper,3.09973,0.284319,1721.0203783494233,1636.3164009501638,-6.0402012246304775,1.4875200039230825,84.70397739925943,1.0,1.2,4.2,2.8,7.2,1.6287113999999998,1.0664169999999995,1.614260129115158,2.104566,0.7779394,1.670903453461459,0.8,7.0,2,1.8,1.2,6.0,4.2,6.6,2.0846446,1.3337172000000002,2.132058275558665,1.4127844,0.8595663999999996,1.840904502756596,0.2,6.0,2,0.5381228096833781,0.24526597810834977,0.21661121220827217,H,True
2025-2026,2026-01-31,Wolves,Bournemouth,0,2,A,0,1,A,17,9,7,4,5,6,11,15,3,3,0,0,M Oliver,2.10353,1.59116,1427.7549891037722,1591.7271357351565,6.737889782079868,4.951793270397575,-163.97214663138425,1.0,0.8,3.8,2.8,5.4,1.0206558,0.9761322,1.0685064747964883,1.0368906,1.5566102,0.8804968764736385,0.6,7.0,2,2.2,2.0,3.8,4.2,4.4,2.1283032,1.4344304000000003,2.391202358695453,2.379064,2.1123214,2.064015225371988,0.4,7.0,2,0.29308222926114197,0.2952459579627737,0.41167181277608444,A,True
2025-2026,2026-02-01,Aston Villa,Brentford,0,1,A,0,1,A,27,6,5,2,12,1,8,8,0,3,0,0,T Robinson,2.15316,0.314916,1713.5360396161177,1597.9937507112295,-1.705266958426444,-1.4567893337454856,115.54228890488798,1.2,1.2,4.6,4.8,4.6,1.7337606,1.8674598,1.9316342923774048,1.6158325999999998,1.1001694,1.621979304932459,0.2,7.0,2,1.4,1.2,4.2,3.2,6.0,2.1896788000000003,1.2265237999999996,2.268366992603513,1.4298738,1.790332,2.062603327198428,0.2,7.0,1,0.5340456646610954,0.258747089138116,0.20720724620078884,H,False
2025-2026,2026-02-01,Man United,Fulham,3,2,H,1,0,H,13,14,6,6,3,7,6,9,2,1,0,0,J Brooks,1.84362,1.71998,1618.984012548945,1593.025551112198,5.211344285263992,3.1958472781072658,25.95846143674703,1.8,1.2,5.6,2.6,4.2,1.8638864,0.8637625999999999,1.9586977417548093,2.1270862,1.2905269999999998,1.8880727328561289,0.6,7.0,1,1.4,1.2,3.4,4.0,3.4,0.9629756,2.1277660000000003,1.0516770680226994,1.0545524,1.75169,1.0446537553112298,0.4,8.0,1,0.5440095749702056,0.2641310423933714,0.191859382636423,H,True
2025-2026,2026-02-01,Nott'm Forest,Crystal Palace,1,1,D,1,1,D,9,14,1,3,5,7,4,12,1,3,0,0,M Salisbury,0.987254,1.648,1563.160612844367,1578.7504914406825,2.2919151119120698,-7.4380785677620285,-15.58987859631543,1.0,1.2,3.6,2.8,5.4,1.1255081999999998,1.945892,1.2006397381827296,1.1919954,1.6921212,1.0713660965895062,0.2,7.0,1,0.6,1.6,3.4,5.6,4.6,1.705276,2.297262,1.8418855456572172,1.3318814,1.8833602000000005,1.625589388159936,0.4,7.0,1,0.4760803279841554,0.27585299347958653,0.24806667853625816,H,False
2025-2026,2026-02-01,Tottenham,Man City,2,2,D,0,2,A,12,15,6,3,3,4,15,12,3,3,0,0,R Jones,1.49738,2.03614,1535.450676592386,1787.042953799035,-5.521396639851108,-7.3936503940108835,-251.5922772066492,1.2,1.6,5.8,3.2,5.0,1.5791518,1.306075,1.5532515147519843,1.577462,1.0864059999999998,1.5039692247697611,0.6,8.0,1,0.8,0.8,3.6,3.6,5.8,1.5768829999999998,1.5892967999999998,1.6308649277428848,1.5219170000000002,1.3817234000000005,1.7033059816272562,0.6,8.0,1,0.3005077517441366,0.28838964769273695,0.41110260056312653,A,False
2025-2026,2026-02-02,Sunderland,Burnley,3,0,H,2,0,H,14,5,5,0,1,2,12,10,1,4,0,0,P Tierney,1.8865,0.126371,1468.2454298974685,1401.648928068515,-0.549033200538025,0.7660495366039182,66.59650182895348,0.8,1.6,3.8,4.4,3.6,1.099182,2.2118740000000003,1.1913316650010644,1.0827406,1.6325518,1.0471201307197096,0.4,9.0,1,1.2,2.0,2.6,9.0,2.2,0.7991164,2.514088,0.8550924006500219,0.747965,2.461752,0.9601522954227596,0.6,9.0,1,0.5713124553880612,0.2519823911111568,0.1767051535007822,H,True
2025-2026,2026-02-06,Leeds,Nott'm Forest,3,1,H,2,0,H,14,16,5,6,5,10,9,12,1,1,0,0,P Bankes,3.38179,1.6608,1490.955075807943,1563.6090247116065,1.6295214730845349,5.085928794165019,-72.65394890366315,1.2,2.0,3.8,4.4,5.0,1.4695215999999998,1.8151484000000004,1.583720512579689,1.6038035999999998,1.8659012,1.4601658396992878,0.4,6.0,2,1.2,1.0,2.6,2.8,4.6,0.9720689999999996,1.936442,1.037436328163162,0.8706491999999999,1.6260280000000005,1.0560729881186868,0.4,5.0,2,0.39016064891553104,0.29653931961560537,0.31330003146886365,H,True
2025-2026,2026-02-07,Arsenal,Sunderland,3,0,H,1,0,H,16,5,5,3,5,2,11,8,1,2,0,0,S Barrott,1.19401,0.427225,1819.1341547671425,1482.4315142051955,-3.344831431561624,0.75165761811995,336.70264056194674,1.8,1.0,4.8,1.4,7.6,1.9626884,0.4809162000000001,2.0294438765709466,2.1400864000000004,1.0463055999999995,2.2823873601240665,0.4,7.0,2,1.4,1.6,4.0,3.6,3.2,1.2840538,1.7486542000000005,1.3098989633039144,0.924937,2.1601064,1.1997346524070351,0.2,5.0,2,0.8148665938897701,0.13340899749400464,0.051724408616225334,H,True
2025-2026,2026-02-07,Bournemouth,Aston Villa,1,1,D,0,1,A,20,7,9,4,11,4,4,11,1,1,0,0,A Taylor,1.82646,0.646496,1600.1305354797692,1700.327870863798,6.05745563394691,-1.8390080668755704,-100.19733538402876,2.2,1.6,3.4,5.0,5.0,1.7482512,1.3885484000000003,1.9167977685268227,1.7381011999999998,0.999313,1.978041548031626,0.2,7.0,2,1.0,0.6,5.0,3.8,6.4,1.5760026,1.047773,1.675184070684693,1.7975606,2.1883600000000003,1.7185576131265572,0.2,6.0,2,0.30623739662941313,0.2671712737872912,0.4265913295832956,A,False
2025-2026,2026-02-07,Burnley,West Ham,0,2,A,0,2,A,18,6,5,4,5,2,11,10,3,1,0,0,D England,1.84644,1.1223,1387.462843760788,1480.470156606798,-0.8162994343246425,-1.3089907001579504,-93.00731284601012,1.0,2.0,1.8,8.2,2.0,0.5592886,2.392892,0.5919522011567049,1.29968,2.102172,0.8085556962549851,0.6,5.0,2,1.6,2.0,3.6,5.4,4.8,1.7305715999999998,1.7068336000000002,1.7911151917557049,1.4913936,2.44723,1.6660905124536345,0.0,7.0,2,0.2344255668550427,0.27611389870218667,0.4894605344427705,A,True
2025-2026,2026-02-07,Fulham,Everton,1,2,A,1,0,H,13,16,3,3,6,6,11,12,1,5,0,0,S Attwell,2.20126,1.88778,1583.7713085394223,1591.7651035313695,1.1220342623917987,-1.56221006658385,-7.99379499194697,1.6,1.6,3.6,4.8,4.2,0.9561036000000002,2.025798,1.0449717868196395,1.0548385999999998,1.6627552,1.1674403452546425,0.2,6.0,2,1.2,1.4,3.6,4.4,3.2,1.111181,1.5550646,1.1472119183517544,1.2628818,1.5964286,1.1381689438291565,0.6,7.0,2,0.4405986200147012,0.2841185046513785,0.27528287533392043,H,False
2025-2026,2026-02-07,Man United,Tottenham,2,0,H,1,0,H,23,7,10,1,7,0,12,11,1,2,0,1,M Oliver,2.16576,0.593404,1628.2382551217204,1541.645353085635,8.096388370661852,-4.524310134049399,86.59290203608543,2.2,1.4,5.6,3.0,3.2,2.0059984,0.9641906,2.139680923830805,2.0404622,1.3613549999999996,1.8799904177913775,0.4,6.0,2,1.6,2.0,6.4,3.4,5.4,1.7569660000000002,1.6020422000000003,1.7798351823978638,1.2152706,1.310309,1.5027711839025315,0.6,6.0,2,0.484013342682967,0.2702766282702969,0.2457100290467361,H,True
2025-2026,2026-02-07,Newcastle,Brentford,2,3,A,1,2,A,16,11,4,5,9,3,14,18,2,2,0,0,A Madley,3.3215,1.65022,1623.000293269111,1611.2019194635495,-2.4305694229043957,1.4266932095664988,11.79837380556114,1.4,1.8,4.6,4.8,8.0,1.6430124,1.6885612,1.7327627673539574,2.3606279999999997,1.512542,1.5578889568008512,0.2,7.0,2,1.6,1.2,4.2,3.6,5.6,2.1414012,1.5354939999999997,2.22437828421405,1.3751138,1.6947119999999998,1.7448419949805318,0.0,6.0,2,0.47252636377798607,0.2635347384355585,0.26393889778645535,H,False
2025-2026,2026-02-07,Wolves,Chelsea,1,3,A,0,3,A,11,15,3,6,3,4,9,10,1,1,0,0,J Gillett,1.11372,3.76278,1419.3515893591596,1688.576974764981,4.023014262314573,4.33912310730194,-269.2253854058215,0.8,1.0,4.4,2.4,5.6,1.1977938,1.0677522000000002,1.2562818360781145,1.2526746,1.6500642,1.1028665352966134,0.4,7.0,2,2.0,1.2,4.6,5.2,6.0,2.372092,1.541922,2.545053878821396,1.8550404,1.761298,2.215226657879863,0.2,7.0,2,0.23748540157512318,0.269030372165232,0.49348422625964494,A,True
2025-2026,2026-02-08,Brighton,Crystal Palace,0,1,A,0,0,D,7,7,2,4,3,4,12,9,1,3,0,0,T Bramall,0.737798,0.928404,1609.1292049891676,1578.302079573443,-0.2463147344910117,-7.304796440049538,30.827125415724595,1.2,1.0,3.8,3.8,5.6,1.4347733999999996,1.4649302000000002,1.5176805772159585,1.3831538,1.2500042,1.547522302733777,0.6,8.0,1,0.6,1.6,3.6,4.8,4.8,1.564184,2.1438448,1.6904953150069075,1.463922,1.847107,1.6296640448581294,0.4,7.0,2,0.48537142788097626,0.2733557033436348,0.2412728687753889,H,False
2025-2026,2026-02-08,Liverpool,Man City,1,2,A,0,0,D,15,17,4,7,5,4,13,16,2,4,1,0,C Pawson,1.26652,2.41476,1734.3364860304764,1780.8482773057865,-2.0584266507818887,-7.096059649773207,-46.51179127531009,1.8,1.4,4.8,2.8,7.0,1.9129914,1.0914087999999995,1.9602019443957464,2.449246,0.6922708,1.9306900982866484,0.6,8.0,1,1.2,1.2,3.4,4.0,5.6,1.4956169999999998,1.6963445999999998,1.5686705463920263,1.5366950000000004,1.4866724000000002,1.7638212576950276,0.6,7.0,1,0.4968476889960372,0.2624096432591204,0.24074266774484238,H,False
2025-2026,2026-02-10,Chelsea,Leeds,2,2,D,1,0,H,19,4,4,2,4,1,9,13,4,4,0,0,R Jones,3.21176,1.28948,1693.8304905650266,1509.0468628149322,4.578943536980086,4.661472651150841,184.7836277500944,2.4,1.2,5.2,5.2,6.4,2.717196,1.558568,2.7637704414313142,2.246604,2.018332,2.496599992810797,0.0,3.0,2,1.6,2.0,4.2,5.2,4.8,1.951852,1.7577463999999998,2.0833811298380724,1.685952,1.3012318,1.8095520506630536,0.2,4.0,2,0.6219745875579404,0.2203483898455624,0.1576770225964971,H,False
2025-2026,2026-02-10,Everton,Bournemouth,1,2,A,1,0,H,16,11,6,4,7,2,14,15,1,3,1,0,A Madley,2.33114,1.4121,1601.5350642069195,1602.9370687040737,3.352994597594491,7.329973157076617,-1.4020044971539392,1.2,0.8,3.0,3.6,3.6,1.287605,1.3849586000000005,1.330767161014755,0.9991078,1.52025,1.274461863132946,0.6,3.0,2,2.0,1.2,4.6,4.8,5.8,1.923974,1.2618476000000003,2.0988604199259,2.3387480000000003,2.2991174,1.9504812665713305,0.4,3.0,2,0.4014400814477849,0.2841278549901569,0.31443206356205805,H,False
2025-2026,2026-02-10,Tottenham,Newcastle,1,2,A,0,1,A,16,21,2,5,2,12,15,11,3,2,0,0,A Taylor,1.68925,2.46991,1530.3083359636948,1612.660839246946,-6.308728616535194,-7.323142111395296,-82.35250328325128,1.4,2.2,5.6,4.8,4.8,1.5921468,1.941698,1.629193021801172,1.6681459999999997,1.3946868,1.3374316959202532,0.4,3.0,2,1.4,2.4,4.0,5.6,8.2,1.7617843999999998,1.7629552,1.859021836202196,0.9778842,1.2772623999999997,1.8785455101097872,0.2,3.0,2,0.3701150330748801,0.2771538690594805,0.3527310978656395,H,False
2025-2026,2026-02-10,West Ham,Man United,1,1,D,0,0,D,7,9,3,3,5,3,10,4,1,1,0,0,S Hooper,1.30746,0.735767,1491.5479538121886,1639.5752722436605,5.27248748291385,10.95019801838131,-148.02731843147194,2.0,1.4,4.4,4.8,3.8,1.907896,1.6282716000000002,1.95476589648268,1.722872,1.3558522,1.5672195101893371,0.0,3.0,2,2.4,1.2,7.2,2.6,3.8,2.0495884,0.8888437999999999,2.199761807136368,2.0930444,0.9690549999999998,1.931948523647491,0.2,3.0,2,0.23160867141844704,0.263449727318639,0.504941601262914,A,False
2025-2026,2026-02-11,Aston Villa,Brighton,1,0,H,0,0,D,15,9,1,3,7,5,9,15,2,3,0,0,P Bankes,0.576138,0.481306,1697.5213376394936,1598.2442500730433,-4.030137051973364,-3.7495533078406806,99.27708756645028,0.6,0.6,5.0,4.6,6.4,1.4193258,1.233425,1.5198595450489465,1.8154926,1.0246350000000002,1.5236373198308193,0.4,4.0,2,0.8,1.2,3.4,4.0,5.4,1.2879929999999995,1.5997008,1.3998848853699446,1.7534768000000005,2.264758,1.4002997022367265,0.6,3.0,2,0.5653222322664687,0.2504127296873747,0.1842650380461566,H,True
2025-2026,2026-02-11,Crystal Palace,Burnley,2,3,A,2,3,A,21,8,3,3,8,2,11,8,2,1,0,0,F Hallam,2.1276,0.691273,1589.1870344895674,1376.3850465553976,-2.303123572766671,-1.7056112852779293,212.8019879341698,0.8,1.2,4.2,3.8,4.4,1.4942148000000002,1.7458763999999998,1.611000313504692,1.6654082000000003,1.8273196000000005,1.5021622185202876,0.4,3.0,2,1.0,2.0,2.2,8.2,2.2,0.8776664000000001,2.3230120000000003,0.9017762504094998,0.5984342,2.09484,0.9972619332995332,0.6,4.0,2,0.7169122742218809,0.1909804789149476,0.09210724686317151,H,False
2025-2026,2026-02-11,Man City,Fulham,3,0,H,3,0,H,13,14,5,3,4,4,8,10,3,1,0,0,P Tierney,1.67722,1.05283,1789.5175007536402,1574.0013478638723,-4.551332229871486,-1.723054135441058,215.51615288976768,1.4,1.2,4.2,4.2,4.8,1.7724709999999997,1.5421966,1.8980441198767732,2.210572,1.1118958,1.8821737562959315,0.4,3.0,2,1.4,1.6,3.8,5.0,4.8,1.2745192,2.059594,1.3704507868525142,1.2996012,1.911622,1.3554075552083438,0.0,4.0,2,0.6757436175290221,0.20432244445428657,0.1199339380166915,H,True
2025-2026,2026-02-11,Nott'm Forest,Wolves,0,0,D,0,0,D,35,7,10,3,8,2,12,13,0,2,0,0,T Robinson,3.69094,0.406959,1545.5172377046176,1414.098073559114,3.0973937330041763,-1.3936076396882366,131.4191641455036,1.2,1.0,2.8,3.0,5.8,1.1245889999999998,2.326824,1.1628609563049797,1.1973812,1.6102812,1.166023353915289,0.4,5.0,2,0.4,1.6,3.4,3.6,5.0,0.9726878,1.7731726,1.0630556178150266,0.7748894000000001,1.40293,1.1048398925154108,0.4,4.0,2,0.5311194124328422,0.2689718538876017,0.19990873367955592,H,False
2025-2026,2026-02-11,Sunderland,Liverpool,0,1,A,0,0,D,11,23,2,3,3,11,8,10,1,0,0,0,C Kavanagh,0.693794,3.08172,1478.0269757358017,1725.6672625826227,-0.6122350176610082,-2.901175077629805,-247.64028684682103,1.2,2.0,4.0,3.6,2.6,1.2760026,1.7039562,1.3160209010153396,1.2261305999999998,1.299278,1.0592783519693922,0.0,4.0,2,1.6,1.4,5.2,3.8,6.4,1.8225354,1.4525243999999995,1.899260157396648,1.2508934,1.5536268000000002,1.8099318985981667,0.4,3.0,2,0.21609156489537637,0.264667802871223,0.5192406322334004,A,True
2025-2026,2026-02-12,Brentford,Arsenal,1,1,D,0,0,D,12,7,3,2,6,4,12,11,3,2,0,0,J Brooks,1.81154,0.78418,1621.541373485714,1823.538693236536,0.5333714849310613,-3.175134615951704,-201.99731975082204,1.4,1.2,3.8,3.2,5.2,1.8610872,1.998662,1.9306098886616567,1.99394,1.5400498,1.7276379958931625,0.0,5.0,2,1.8,0.6,4.8,1.4,7.6,1.9454904,0.3767920000000002,1.99752903429352,2.2788760000000003,0.8756340000000001,2.0845005673742363,0.4,5.0,2,0.24337845575076272,0.27131828614634096,0.4853032581028965,A,False
2025-2026,2026-02-18,Wolves,Arsenal,2,2,D,0,1,A,5,10,2,4,1,3,6,8,2,1,0,0,P Tierney,0.173119,2.01018,1417.709982233518,1818.3019070258697,-1.5495270400681889,-3.666259400431081,-400.5919247923516,0.2,1.4,3.2,5.2,4.0,0.9114216,2.1847186,0.9961971499714892,1.4229892000000002,1.5932042,0.9779524575126088,0.4,7.0,2,2.0,0.8,4.4,2.0,7.8,1.96196,0.6753716000000002,2.0042318503590835,2.063782,0.69397,1.848078646033466,0.4,6.0,2,0.09911102409763616,0.19588034955150063,0.705008626350863,A,False
2025-2026,2026-02-21,Aston Villa,Leeds,1,1,D,0,1,A,16,14,4,4,7,2,11,16,1,4,0,0,M Oliver,1.25439,1.27855,1704.739223099623,1513.9148027685242,-1.937566517139878,6.7575352751793165,190.8244203310985,0.8,0.6,4.6,4.2,6.8,1.1205234000000002,1.0646762,1.200808165046172,1.3867482,0.7489662,1.3513647162252156,0.2,10.0,2,1.4,1.6,3.4,4.4,4.2,1.739112,1.9131084,1.857129923105565,1.6170299999999995,1.8041826,1.714993495997044,0.4,11.0,1,0.652476893049959,0.21708422824378723,0.1304388787062538,H,False
2025-2026,2026-02-21,Brentford,Brighton,0,2,A,0,2,A,13,11,3,7,6,4,9,14,1,2,0,0,J Gillett,1.69023,1.37203,1626.7781596963805,1591.0263646129142,-0.5997020699135701,-6.2121495923040015,35.75179508346628,1.0,1.4,3.2,3.0,5.0,1.4512032,1.85421,1.60860871233364,2.2168468,1.3700678,1.7428929057307692,0.2,9.0,2,0.6,1.2,3.4,3.0,6.0,1.1179301999999995,1.1231204,1.1870537767646971,1.5117300000000005,1.8974456,1.2332099381936852,0.4,10.0,2,0.4791253979693352,0.27968132453164707,0.24119327749901776,H,False
2025-2026,2026-02-21,Chelsea,Burnley,1,1,D,1,0,H,12,12,2,4,9,5,13,11,2,2,1,0,L Smith,2.51534,1.01255,1688.9625506114344,1391.8438451049185,6.103086389237376,0.3475340765761636,297.1187055065159,2.6,1.2,4.8,4.6,5.0,2.8693339999999994,1.604438,2.8927827396855816,2.360042,2.008228,2.626629085027015,0.2,11.0,2,1.2,2.0,2.6,6.8,2.2,0.951979,2.243556,0.980693306095629,0.4199388,2.158944,0.9416275817905272,0.4,10.0,2,0.7605606661861102,0.16387656213879745,0.07556277167509236,H,False
2025-2026,2026-02-21,Man City,Newcastle,2,1,H,2,1,H,15,13,7,7,5,5,12,13,2,5,0,0,T Bramall,2.22648,0.507954,1797.3690403248872,1620.3339583738673,-1.962005123184565,-6.910992919321112,177.03508195101995,1.8,1.0,4.0,4.2,4.4,1.5161069999999994,1.4864386,1.6120711177204992,2.062806,1.1971645999999998,1.8449094369693984,0.2,10.0,2,1.0,2.0,3.4,4.8,9.0,1.7687763999999997,1.6301692,1.880624831885992,1.4380004,1.4891034,1.986066326453462,0.2,11.0,2,0.5890930060136021,0.23512233347896264,0.17578466050743516,H,True
2025-2026,2026-02-21,West Ham,Bournemouth,0,0,D,0,0,D,20,10,3,5,9,5,10,11,1,1,0,0,S Barrott,2.34412,0.522731,1495.5681610125607,1612.8967159899091,7.707527183833092,7.347432428405807,-117.3285549773484,2.0,1.2,4.4,4.4,3.6,1.821994,1.522059,1.8862408843538785,1.728962,1.383987,1.5199905083367302,0.2,11.0,2,1.8,1.0,4.8,5.2,5.6,1.968366,1.4028556,2.1525544399024783,2.150776,2.1229374,1.8525937635583607,0.4,11.0,2,0.3078705057395126,0.2778570428053464,0.41427245145514113,A,False
2025-2026,2026-02-22,Crystal Palace,Wolves,1,0,H,0,0,D,14,12,3,7,7,3,19,13,5,1,0,1,T Kirk,2.03559,1.67749,1573.7282359400465,1425.897424624679,-6.043876725478535,-1.0692396289067063,147.83081131536755,1.2,1.8,3.8,3.8,5.4,1.6547248000000003,1.4701009999999997,1.6979863816524876,1.8307442000000005,1.6949402000000002,1.6158781787893262,0.2,11.0,2,0.6,1.8,3.2,5.6,3.4,0.8680022,2.424092,0.9520662795550312,0.7322872,1.817526,0.8316191016012253,0.4,4.0,2,0.6221312756504809,0.232821178206017,0.14504754614350227,H,True
2025-2026,2026-02-22,Nott'm Forest,Liverpool,0,1,A,0,0,D,18,10,2,4,7,2,13,9,2,0,0,0,A Taylor,0.934768,2.39634,1541.9053290302136,1729.5431784282712,0.7440137372785379,-2.682224366154005,-187.6378493980576,0.8,0.8,3.8,3.0,6.4,1.6094109999999997,2.0608218000000003,1.6112889797562169,1.4702532,1.6156238000000005,1.625099107748873,0.6,11.0,1,1.8,1.4,5.8,3.4,8.6,2.375151,1.4509167999999997,2.4284269066170183,1.4576274,1.3337196000000002,2.0411660988530453,0.2,11.0,2,0.22758836910526745,0.25639911919411174,0.5160125117006207,A,True
2025-2026,2026-02-22,Sunderland,Fulham,1,3,A,0,0,D,12,12,2,4,6,4,6,13,1,1,0,0,C Pawson,1.7609,2.16696,1474.1510598901532,1566.1498082926255,0.7930126101871989,-5.791092892666162,-91.9987484024723,1.2,1.6,3.8,3.0,2.4,1.1134734,1.5481082000000002,1.15049026992217,1.2388804,1.8817562,0.9928266516113208,0.0,11.0,1,1.0,2.0,3.4,4.8,5.2,1.2730592,1.904824,1.385470596107854,1.1800612,1.836094,1.300393454261372,0.0,11.0,1,0.36301811971500436,0.3026650791270243,0.33431680115797135,H,False
2025-2026,2026-02-22,Tottenham,Arsenal,1,4,A,1,1,D,6,20,5,7,2,5,17,11,2,1,0,0,P Bankes,0.383264,3.31701,1522.6352168367737,1810.1144646347088,-5.868882256081505,-3.9122613975207217,-287.4792477979352,1.2,2.0,5.2,5.2,3.8,1.6047768000000002,2.1976520000000006,1.652826048738748,1.52122,1.7945562,1.4013986602983888,0.4,12.0,1,2.4,1.2,4.6,2.4,6.6,1.79135,0.6462992000000002,1.7969883929073416,2.096372,0.6859392,1.8775516194819264,0.4,4.0,2,0.1914493901872871,0.25619124297610407,0.5523593668366089,A,True
2025-2026,2026-02-23,Everton,Man United,0,1,A,0,0,D,12,11,4,3,10,1,12,7,2,3,0,0,D England,0.560924,1.4547,1591.5754169210838,1635.5550650432883,2.239366275688134,11.184770926356975,-43.97964812220448,1.2,1.0,3.8,3.6,4.6,1.427191,1.5247206000000002,1.5195366722087889,1.2146398,1.7402019999999996,1.4665851607451377,0.4,13.0,1,2.2,1.0,5.8,3.0,3.2,1.6917657999999995,1.0863938,1.879854122853152,1.4307818,1.1781175999999998,1.7144609738934014,0.2,13.0,1,0.3791032182027182,0.28773465535595866,0.33316212644132315,H,False
2025-2026,2026-02-27,Wolves,Aston Villa,2,0,H,0,0,D,9,14,2,5,0,5,13,19,3,3,0,0,C Pawson,1.50771,1.31328,1419.912888932712,1699.7397429598284,-1.5684200342120156,-0.2019559942667195,-279.82685402711627,0.6,1.6,4.4,5.4,2.8,1.0949636,2.6181300000000003,1.175000782140899,1.203967,1.6826222000000002,0.9854138104010024,0.4,5.0,2,1.0,0.6,4.4,4.4,7.0,1.1903228,1.1712143999999998,1.2632316158121182,1.8078412,2.2982500000000003,1.3337329496388126,0.4,6.0,1,0.18817108823029835,0.2519167691999535,0.5599121425697482,A,False
2025-2026,2026-02-28,Bournemouth,Sunderland,1,1,D,0,1,A,21,8,5,4,7,3,15,12,4,2,0,0,J Gillett,1.82434,1.07887,1609.6425023108343,1463.032665889362,6.433738671773507,-4.164744396946207,146.60983642147266,1.6,0.8,5.4,4.8,5.4,1.7334381999999997,1.6725242000000002,1.8896874849829837,1.8195312,0.9940918,1.6108005338204772,0.4,7.0,1,1.0,2.0,2.8,3.4,3.0,1.0964514,1.7511622,1.1234142502188096,0.8850847999999999,1.9156984,1.1324763513183531,0.0,6.0,1,0.5797138859573989,0.2551576009212404,0.16512851312136062,H,False
2025-2026,2026-02-28,Burnley,Brentford,3,4,A,1,3,A,12,16,3,7,4,8,9,9,2,2,0,0,S Barrott,0.823824,2.44595,1398.7814857574954,1610.2400556941625,0.1989431818058324,-1.1543230223802177,-211.4585699366669,1.2,2.0,3.2,5.0,3.0,1.0450948,2.048534,1.0816017826362452,1.257996,1.996526,0.954522566919522,0.4,7.0,1,1.0,1.4,2.8,4.0,4.4,1.4942072000000002,1.80409,1.6409610747781098,1.6110452000000002,1.874236,1.7333178319615383,0.2,7.0,1,0.251515400225153,0.2905209087974728,0.4579636909773743,A,True
2025-2026,2026-02-28,Leeds,Man City,0,1,A,0,1,A,14,14,2,5,5,3,10,8,0,3,0,0,P Bankes,1.37824,2.46834,1518.9142829083185,1802.6731114267789,5.11871229356699,3.823758258636778,-283.7588285184604,1.4,1.8,3.2,5.0,3.2,1.5610260000000002,2.1122272,1.6864423096644727,1.9214956,1.7884512,1.6356401330884902,0.6,7.0,1,2.2,0.8,5.2,4.2,4.2,1.884,0.9734734,2.011577808219545,1.7490130000000002,1.4797924000000002,1.9142859029749624,0.2,7.0,1,0.18959617389830272,0.24459756523635803,0.5658062608653393,A,True
2025-2026,2026-02-28,Liverpool,West Ham,5,2,H,3,0,H,18,11,7,4,10,5,12,11,2,2,0,0,T Robinson,2.09939,1.3517,1734.612805664253,1498.822374691635,-0.1321798936719286,5.825011258698797,235.7904309726177,1.8,1.2,4.4,3.6,7.2,2.1563290000000004,1.5284761999999996,2.274138015764981,2.22001,0.8372147999999999,2.105743171788855,0.0,6.0,1,1.6,1.0,4.2,4.2,4.4,1.737296,1.2960211999999998,1.8176474325289285,1.3745736,2.396364,1.6698322340936882,0.4,7.0,1,0.6984714858422961,0.1918226880326886,0.10970582612501502,H,True
2025-2026,2026-02-28,Newcastle,Everton,2,3,A,1,2,A,17,9,7,5,7,2,15,7,2,3,0,0,S Attwell,1.11889,2.40731,1615.0298872719757,1582.834535000014,-6.814606072628767,-2.2443166593578083,32.19535227196161,1.2,2.4,4.4,5.8,8.6,1.7077046,1.9974220000000005,1.8477765095261525,2.663512,1.5258360000000002,1.7173186307346506,0.0,7.0,1,1.0,1.2,4.0,3.2,5.8,1.390204,1.6345820000000004,1.471363504205848,1.3724378,1.5077666,1.3019194951551123,0.4,5.0,1,0.4862468664110691,0.2587635563059102,0.25498957728302063,H,False
2025-2026,2026-03-01,Arsenal,Chelsea,2,1,H,1,1,D,12,9,5,3,5,10,11,14,1,3,0,1,D England,1.71598,1.35268,1815.730309354387,1682.0249099588575,0.3565188124601723,1.9625584107450376,133.7053993955294,2.8,0.8,5.2,2.8,5.8,2.16993,0.5947716000000002,2.165972846345889,2.0552964,1.0077566,2.139271325030667,0.4,7.0,2,2.4,1.4,4.8,4.4,6.2,3.047876,1.5119060000000002,3.006974203582855,2.473076,1.70018,2.606394705931194,0.4,8.0,1,0.6014721636795659,0.2289916163345376,0.16953621998589638,H,True
2025-2026,2026-03-01,Brighton,Nott'm Forest,2,1,H,2,1,H,14,13,7,4,4,4,12,13,3,1,0,0,A Madley,1.20107,0.83055,1607.5644686151325,1536.8357017942317,-2.6416777710429837,-1.6613981910603683,70.72876682090077,0.8,1.0,3.8,3.2,4.6,1.1931807999999997,1.1216924,1.2753851109508632,1.1105594,1.094405,1.258449949431197,0.2,8.0,1,0.8,1.0,4.2,3.2,7.0,1.7326683999999997,1.9674438000000003,1.7488608248710154,1.1403412,2.05169,1.4995843608854416,0.4,7.0,1,0.478885125874488,0.27882096999742445,0.2422939041280877,H,True
2025-2026,2026-03-01,Fulham,Tottenham,2,1,H,2,0,H,18,13,4,1,5,8,11,14,3,3,0,0,T Bramall,2.3207,0.952091,1577.2682022934168,1517.0193721170956,-0.9286950829367242,-4.458692539067902,60.24883017632124,1.6,2.0,4.0,4.2,5.4,1.654692,1.8232080000000004,1.7603206495662085,1.3417364,1.6980932,1.4579510080320317,0.0,7.0,1,1.2,2.4,5.0,5.8,2.0,1.3508456,2.3075320000000006,1.4242122906902657,1.2579022000000002,1.278145,1.216283267516863,0.4,7.0,1,0.5266841836316368,0.25742270823125857,0.21589310813710455,H,True
2025-2026,2026-03-01,Man United,Crystal Palace,2,1,H,0,1,A,20,8,11,3,7,1,13,12,2,2,0,1,C Kavanagh,2.34609,0.384699,1644.295946964358,1579.7127716320133,8.207998149127906,-2.1128913801100437,64.58317533234481,2.0,1.0,5.0,3.6,3.2,1.3681498,1.1211756,1.4481475986869512,1.8312062,1.0096437999999996,1.6672317059127828,0.2,6.0,1,1.2,1.4,4.0,3.8,6.0,1.8315048,1.436397,1.8592322520380864,1.3073848,1.8413124,1.6921894190094486,0.2,7.0,1,0.4917655196736584,0.27335655188663127,0.2348779284397105,H,True
2025-2026,2026-03-03,Bournemouth,Brentford,0,0,D,0,0,D,13,5,2,2,4,3,9,10,2,1,0,0,C Pawson,2.3177,0.673328,1605.6565556594674,1614.8084590202536,2.7858839848621644,3.3629416618047534,-9.151903360786264,1.2,0.6,5.4,4.8,6.2,1.4353582,1.7008312000000003,1.4786325319612932,1.8207052,1.1137602,1.6496258913076631,0.6,3.0,2,1.8,1.6,4.0,4.2,4.8,1.5825712,1.6909387999999996,1.6842521081472328,1.7876172,1.7853548,1.86288731705944,0.2,3.0,2,0.4385108550559018,0.27899319969151976,0.28249594525257843,H,False
2025-2026,2026-03-03,Everton,Burnley,2,0,H,1,0,H,14,5,5,2,6,3,10,12,0,1,0,0,T Robinson,1.15845,0.762229,1593.7585484284707,1394.213082431404,0.5046447948367436,-1.4871691274222454,199.54546599706669,1.4,1.4,4.4,3.8,5.4,1.6936828,1.5230400000000002,1.8125565168441504,1.28417,1.6616959999999998,1.5028995869450918,0.2,3.0,2,1.4,2.4,3.0,4.2,3.6,0.9000916,2.019538,0.9405891309790844,0.5263432,2.298318,0.9307591911159726,0.2,3.0,2,0.6287158939986346,0.23486022840378387,0.13642387759758168,H,True
2025-2026,2026-03-03,Leeds,Sunderland,0,1,A,0,0,D,18,3,4,1,9,2,15,19,1,3,0,0,S Attwell,0.888232,0.843856,1515.64710916419,1467.018612540729,3.901118776238056,-0.2453634713478757,48.62849662346093,1.2,1.8,2.8,5.4,3.4,1.501354,2.427912,1.661365203151996,1.6155716000000002,1.9760032,1.5888401088905828,0.4,3.0,2,1.0,1.6,3.2,3.4,3.0,1.1694578,1.6786802,1.2150768118317958,0.8387708,2.096712,1.1227297419877436,0.2,3.0,2,0.43986087227824505,0.2936019695215829,0.26653715820017204,H,False
2025-2026,2026-03-03,Wolves,Liverpool,2,1,H,0,0,D,4,19,3,7,2,11,10,13,2,1,0,0,T Bramall,0.636033,2.17217,1444.918615242031,1741.776479960164,5.113405176574275,4.151220322148202,-296.8578647181332,1.0,1.2,3.4,5.6,1.8,0.9757996,2.562554,1.070263292277564,1.057659,1.8981426,1.0803767539644566,0.4,4.0,3,2.4,1.0,5.0,3.4,7.0,2.38874,1.1358681999999996,2.496536854763632,1.6905674000000002,1.2508632000000002,2.1045880496454266,0.0,3.0,2,0.13256551978392508,0.2211712770338475,0.6462632031822273,A,False
2025-2026,2026-03-04,Aston Villa,Chelsea,1,4,A,1,2,A,9,15,4,8,3,8,10,9,3,2,0,0,J Gillett,1.06854,3.38883,1674.7340166505096,1675.6939006782288,-7.760404593121635,-1.6089908637568897,-0.9598840277192268,0.6,1.0,3.8,4.0,7.0,1.1886928,1.0817884,1.221307499855715,1.2637922,0.7437661999999999,1.3300142315226648,0.4,5.0,2,2.0,1.6,4.2,4.0,7.2,2.700778,1.3715160000000002,2.679648289718866,2.5383919999999995,1.46765,2.378446577580067,0.4,3.0,2,0.43389958681884067,0.27479065560189064,0.2913097575792687,H,False
2025-2026,2026-03-04,Brighton,Arsenal,0,1,A,0,1,A,11,7,3,2,4,3,14,12,4,1,0,0,C Kavanagh,0.919228,0.514803,1615.5563944448245,1822.061318635016,1.1794820757149207,0.5854327735746528,-206.5049241901911,1.0,0.8,4.2,3.2,4.2,1.0440907999999998,1.0613164000000004,1.11093504927908,1.166919,0.998427,1.2480172313527973,0.2,3.0,2,2.4,1.0,4.6,3.2,4.4,1.804272,0.8295656000000001,1.8437850618951055,2.503774000000001,0.5730227999999999,2.062309265934182,0.4,3.0,3,0.2833357772838786,0.2870064951730165,0.4296577275431047,A,True
2025-2026,2026-03-04,Fulham,West Ham,0,1,A,0,0,D,13,9,5,3,7,5,14,12,2,4,0,0,M Donohue,0.628123,1.49528,1585.5512770792147,1491.6587003957245,-1.4948548065966365,1.270084804191676,93.89257668349046,1.6,2.0,4.0,3.4,5.2,1.892346,1.6243222000000004,1.985005322884475,1.4647404000000002,1.7912522000000002,1.614814461117117,0.0,3.0,2,1.4,1.8,4.0,5.2,4.8,1.5702859999999998,1.5731316,1.6976278556266216,1.4406275999999998,2.099866,1.6119900097130175,0.4,4.0,2,0.55812415641969,0.25051442463183327,0.19136141894847658,H,False
2025-2026,2026-03-04,Man City,Nott'm Forest,2,2,D,1,0,H,21,9,7,4,6,1,10,6,0,4,0,0,D England,2.72655,1.23642,1805.9402851709076,1528.8437759645396,3.779466274374448,-6.863367375965464,277.0965092063677,2.0,0.8,5.4,4.4,4.0,2.1645879999999997,1.1405848,2.3081577982696246,1.791726,1.0944694,2.0150230115249688,0.2,4.0,2,0.6,1.4,4.6,4.4,6.8,1.6208623999999996,1.8068318,1.627472181122963,1.209192,1.950768,1.3779417498153612,0.4,3.0,2,0.6896050425637099,0.19548865674634022,0.11490630068994999,H,False
2025-2026,2026-03-04,Newcastle,Man United,2,1,H,1,1,D,12,14,5,5,2,4,15,16,2,3,1,0,P Bankes,1.96637,1.80571,1604.105873843519,1652.4582117930686,-6.442105421328947,6.694839848824695,-48.352337949549565,1.6,2.6,5.0,5.2,8.8,1.5405145999999998,2.214598,1.640619780920741,2.311564,1.8020780000000003,1.6085134251465325,0.0,4.0,2,1.8,0.8,6.6,3.4,4.2,1.7091873999999998,0.9132934,1.7859483286888,1.4608118,0.9164683999999996,1.7906604866559133,0.2,3.0,2,0.41765235233779635,0.25709096001221676,0.3252566876499867,H,True
2025-2026,2026-03-05,Tottenham,Crystal Palace,1,3,A,1,3,A,12,9,4,4,6,3,14,14,3,2,0,0,A Madley,1.29615,1.91515,1508.7362973312977,1571.5505068033028,-5.342875852217691,-1.4399969274759354,-62.81420947200513,1.0,2.4,3.0,5.8,3.0,1.0230778,2.4619040000000005,1.141563648608433,1.3280628,2.2116302,1.1682483097865244,0.2,4.0,2,1.2,1.2,3.2,4.8,5.4,1.4248586,1.2879809999999998,1.4044678734054044,1.0782086,1.7289584000000002,1.454463888280458,0.2,4.0,2,0.36360505612628136,0.29015129519648947,0.3462436486772294,H,False
2025-2026,2026-03-14,Arsenal,Everton,2,0,H,0,0,D,25,9,7,3,8,3,11,12,0,0,0,0,A Madley,1.90855,1.17847,1826.7310133811804,1600.9804782219517,0.6384640289288894,1.843074938116489,225.7505351592288,2.0,1.0,4.0,3.2,4.0,1.6684305999999995,0.9279662000000002,1.7186724253955368,1.8898564,1.1362798,1.7809444903097853,0.4,10.0,2,1.6,1.2,4.6,3.8,6.2,1.6691208,1.3898358000000002,1.752921113566542,1.6034917999999998,1.4816486,1.4402723893187113,0.0,11.0,2,0.6525521361662968,0.21349174855519112,0.133956115278512,H,True
2025-2026,2026-03-14,Burnley,Bournemouth,0,0,D,0,0,D,15,22,2,3,5,8,11,5,1,0,0,0,P Bankes,1.67695,2.36979,1386.991152637923,1605.9199077052692,-0.0943382245730401,1.1578744451000222,-218.92875506734617,1.4,2.2,3.4,4.2,3.8,1.0272632000000002,1.873928,1.077824509830886,1.1728648,2.235308,0.9001173381857958,0.2,11.0,2,0.8,0.6,5.0,3.8,5.8,1.5806662,1.4147908000000002,1.6747465235624777,1.7429562,2.0215014,1.771093911069906,0.8,11.0,2,0.2248102700852142,0.26611859481710665,0.5090711350976791,A,False
2025-2026,2026-03-14,Chelsea,Newcastle,0,1,A,0,1,A,22,7,3,5,8,1,9,10,2,2,0,0,P Tierney,1.72508,1.03251,1693.1455523557015,1615.4886502692168,0.9137155181441926,-1.5023285999787568,77.65690208648493,2.2,1.4,4.6,3.6,7.0,2.8462779999999994,1.240054,2.909314076716372,2.4688,1.798902,2.562152654383691,0.4,10.0,2,1.8,2.0,5.6,4.8,7.0,1.8769248,1.955794,2.008623175716955,1.3135952,1.7462371999999995,1.6735782569380715,0.0,10.0,2,0.5046517284076474,0.24942433415121948,0.2459239374411334,H,False
2025-2026,2026-03-14,Sunderland,Brighton,0,1,A,0,0,D,14,12,4,4,7,3,7,12,1,2,0,0,T Kirk,0.659083,1.12832,1478.409184612881,1610.8866996986596,-0.8044659184628571,0.3514989418983852,-132.47751508577858,0.6,1.6,2.4,4.2,3.2,0.960929,1.8310524,1.0330471057184096,1.429869,1.7938422000000005,1.0720254252626993,0.2,11.0,2,0.8,0.8,4.4,2.8,4.0,0.9422863999999996,0.908025,1.0312294398996658,1.6441232000000003,1.7268556,1.188237371106834,0.0,10.0,2,0.29076323876193194,0.2960760509657116,0.41316071027235635,A,True
2025-2026,2026-03-14,West Ham,Man City,1,1,D,1,1,D,1,24,1,6,1,15,14,5,2,2,0,0,M Oliver,0.488982,1.9546,1504.2972242324422,1799.3136485907032,4.765413525128778,3.693074256983389,-295.016424358261,1.2,1.2,3.4,5.0,5.2,1.5241719999999996,1.1664902,1.6262895103858768,1.970348,1.2656611999999998,1.5907700079470142,0.4,10.0,2,2.0,0.8,6.2,4.0,4.4,2.30267,1.0883927999999998,2.447101325832197,1.949745,1.6354122000000004,2.144391554884065,0.2,10.0,2,0.16315257727294183,0.22456995661213144,0.6122774661149268,A,False
2025-2026,2026-03-15,Crystal Palace,Leeds,0,0,D,0,0,D,12,10,0,3,8,3,12,11,2,1,0,1,T Bramall,0.525205,1.13558,1583.8677656119817,1504.256537092038,1.1131372077077044,2.6602922568188925,79.61122851994378,1.6,1.2,3.4,5.4,4.6,1.4782886000000002,1.3497601999999995,1.4462502240542734,2.0519260000000004,1.8562846,1.5382249995021928,0.0,10.0,2,1.2,1.2,3.4,4.0,4.4,1.6432584,1.8878292,1.7918828404925864,1.351434,1.8938692000000004,1.461456816365022,0.4,12.0,1,0.47350950226673677,0.2787360981678685,0.24775439956539458,H,False
2025-2026,2026-03-15,Liverpool,Tottenham,1,1,D,1,0,H,17,13,4,7,3,4,8,13,0,0,0,0,C Kavanagh,1.30076,1.15636,1724.8427354646078,1496.4190385226188,-1.898750113173699,-9.045262912603194,228.42369694198896,1.8,1.2,5.0,3.6,7.8,2.203228,1.2062109999999997,2.2387328322240365,2.3268840000000006,0.951422,2.1168756769826214,0.0,12.0,1,0.8,2.6,2.6,6.0,3.6,0.9828318,2.4377060000000004,1.0563746901062334,1.2741668000000002,1.5563488,1.191503162552611,0.0,10.0,2,0.7387815125600781,0.17412139595628914,0.08709709148363293,H,False
2025-2026,2026-03-15,Man United,Aston Villa,3,1,H,0,0,D,16,9,6,2,6,6,10,5,3,2,0,0,A Taylor,1.67823,1.21071,1641.0754353673708,1657.2823649730367,2.5674360491300505,-8.609101178152292,-16.20692960566589,1.4,0.8,6.4,3.2,4.4,1.7016053999999996,0.9625714,1.7805638288110015,2.112262,0.8605875999999997,1.7933967618093836,0.2,11.0,2,0.8,1.6,3.6,5.2,5.2,0.9717688,1.6965712,1.0012821313689582,1.6586612000000005,2.2054820000000004,1.2824734621549074,0.4,11.0,1,0.5053434382512996,0.26913298563299004,0.2255235761157105,H,True
2025-2026,2026-03-15,Nott'm Forest,Fulham,0,0,D,0,0,D,11,5,2,0,5,4,8,10,2,3,0,0,S Barrott,0.821011,0.933988,1535.4704125447438,1572.9127532424968,-5.627722433372544,-2.1717110593851343,-37.44234069775303,0.8,1.6,5.2,5.2,6.0,1.6706955999999995,2.0225418,1.717375241084861,1.5371786,1.8019558,1.3522105225762044,0.4,11.0,2,1.2,1.6,3.8,2.8,5.2,1.6739746,1.5546542000000003,1.738648658346439,1.3905812000000002,1.960836,1.4354160136412772,0.0,11.0,2,0.40098506486366486,0.2908412933665067,0.3081736417698285,H,False
2025-2026,2026-03-16,Brentford,Wolves,2,2,D,2,1,H,10,13,3,4,1,5,12,10,2,4,0,0,S Attwell,2.7966,1.80044,1614.5451069744518,1461.8523597375872,0.6686375021804295,9.550857235694652,152.69274723686453,1.6,1.6,4.0,3.6,5.2,1.6542536,1.7238467999999998,1.7564539217282102,1.9846328,1.1321078,1.6466038048668146,0.4,13.0,1,1.2,0.8,3.4,5.8,1.6,0.8802622,2.2444320000000006,0.9672266751499972,0.9116524,1.91164,0.9995869805163736,0.4,13.0,1,0.6653581815508618,0.21205789364620223,0.12258392480293603,H,False
2025-2026,2026-03-20,Bournemouth,Man United,2,2,D,0,0,D,16,14,5,5,6,8,10,9,2,2,0,1,S Attwell,1.76664,1.74574,1600.33850691954,1656.7746376902978,-0.5197123569066637,3.4398730893274587,-56.4361307707577,0.6,0.4,3.8,3.4,5.2,1.6893322000000002,1.6208816,1.6989194463080686,2.094676,0.9924258,1.879947745420832,0.8,6.0,1,1.6,1.0,5.6,3.4,4.2,1.6040993999999995,1.0860325999999998,1.706226114606995,1.4323918,1.1157147999999997,1.7724573505713137,0.2,5.0,1,0.3688329006312714,0.28920785413391015,0.34195924523481835,H,False
2025-2026,2026-03-21,Brighton,Liverpool,2,1,H,1,1,D,16,12,7,5,4,8,11,11,5,5,0,0,D England,3.42956,0.956801,1617.2483324381826,1719.076054792639,3.800816473027813,-1.3182415579966875,-101.82772235445644,1.0,0.6,4.8,2.8,4.0,1.0203907999999997,0.8541608000000002,1.098382844363303,1.0564246000000002,1.0504774,1.1773433036328642,0.0,7.0,1,1.8,1.0,5.0,3.6,7.4,2.210076,0.9545309999999996,2.197533108007417,1.7812413999999996,1.2562334,1.9684910084403264,0.2,6.0,1,0.3395931997831757,0.2859985790696491,0.3744082211471752,A,False
2025-2026,2026-03-21,Everton,Chelsea,3,0,H,1,0,H,10,12,9,4,3,9,6,7,0,2,0,0,S Barrott,1.44532,1.35143,1594.5531268253396,1680.9468996503963,-1.3963874763159507,-2.5767181829259984,-86.39377282505666,1.2,1.4,4.6,4.6,5.6,1.5272587999999998,1.3312938000000003,1.6413125664338444,1.314728,1.2037837999999996,1.3926719548971274,0.0,7.0,1,1.6,1.4,4.0,4.0,7.8,2.438738,1.223812,2.5687993283693804,2.808706,1.47526,2.409957626313929,0.4,7.0,1,0.3489130790701578,0.27892056915019786,0.3721663517796445,A,False
2025-2026,2026-03-21,Fulham,Burnley,3,1,H,0,0,D,22,9,6,5,6,6,6,9,2,2,0,1,C Kavanagh,3.48438,1.92556,1571.839228762714,1392.5725534236522,-0.4324238202316518,3.237501373650871,179.26667533906198,1.0,1.2,3.2,2.6,4.8,1.4205202,1.3413004000000002,1.462678270062756,1.4685286,1.7465482,1.3442472838883175,0.2,6.0,1,1.4,1.8,2.8,4.0,3.8,0.9933652,2.123426,1.0724175862657253,0.6278788,2.235668,1.0413596403338328,0.4,7.0,1,0.6076982983258382,0.24786614033127838,0.14443556134288338,H,True
2025-2026,2026-03-21,Leeds,Brentford,0,0,D,0,0,D,14,6,4,2,6,2,6,9,2,0,0,0,J Gillett,0.417296,0.302221,1506.5086539801923,1610.4129318359903,-0.5076417669479228,-2.225688329944747,-103.90427785579776,0.6,1.0,3.0,2.8,4.0,1.1940164,1.6607102,1.3266576663051448,1.5991904,1.7552124,1.4022064861168362,0.6,6.0,1,1.4,1.6,3.6,3.6,4.8,1.8835296,1.4196347999999996,1.9444417570993544,1.3119248,2.0477628,1.8556940221637568,0.6,5.0,1,0.3404966761443926,0.30481946289319267,0.3546838609624148,A,False
2025-2026,2026-03-22,Aston Villa,West Ham,2,0,H,1,0,H,23,9,7,1,6,6,3,7,0,1,0,0,P Tierney,2.48528,0.760054,1641.5831626501097,1511.2033477170078,-11.187634997876827,3.931078780963783,130.3798149331019,0.8,2.0,3.2,4.6,5.6,1.0846116,1.6669252,1.1282672579940385,1.1915242,1.2418922,1.2694255599449242,0.2,7.0,1,1.0,1.4,2.8,5.2,5.0,1.3975084,1.1881222,1.5359805019808694,1.692548,1.7776406000000002,1.3904449155930114,0.6,8.0,1,0.6041840043650656,0.23578129439312778,0.16003470124180694,H,True
2025-2026,2026-03-22,Newcastle,Sunderland,1,2,A,1,0,H,16,17,4,7,9,5,8,19,1,6,0,0,A Taylor,1.26705,2.66657,1627.6873029745225,1472.047551873358,3.005292745515213,-1.1958847724886794,155.63975110116417,1.6,1.4,5.8,4.4,5.4,1.4191268,1.970766,1.5281675142189026,2.15931,1.90757,1.5570203920402403,0.0,8.0,1,0.6,1.2,2.6,4.0,4.2,1.0073006,1.8179144,1.070984232308689,0.9140458,1.9908584,0.9969449843058448,0.2,8.0,1,0.6412843572286476,0.22548262468727323,0.13323301808407914,H,False
2025-2026,2026-03-22,Tottenham,Nott'm Forest,0,3,A,0,1,A,14,8,3,7,13,3,13,13,1,2,0,0,M Oliver,1.6189,1.54408,1502.1857191945876,1536.5439370245265,-5.624523353821447,-1.7946601360182497,-34.358217829938894,1.0,2.4,3.8,4.8,4.4,1.0954229999999998,2.2647060000000003,1.1934861637115135,1.3037928,2.501164,1.1851134966339545,0.2,7.0,1,0.6,1.0,4.4,4.2,5.0,1.5027377999999998,1.5329814000000002,1.5594019720916,1.276836,2.210102,1.2556287911987127,0.6,7.0,1,0.40799846010451823,0.2834672288380117,0.3085343110574701,H,False
2025-2026,2026-04-10,West Ham,Wolves,4,0,H,1,0,H,18,14,7,3,5,2,11,7,2,2,0,0,J Gillett,2.54379,0.571967,1501.5821503178483,1465.9845348760489,1.2027978610575016,9.654910528506132,35.59761544179969,0.8,1.6,2.4,6.0,5.2,1.2880271999999997,1.5380248,1.4165155371351583,1.6128564,1.0387532,1.275828385485191,0.4,19.0,0,1.6,1.2,3.6,4.4,2.2,1.1589584,2.065564,1.270950600864937,1.0281724,2.244348,1.1451966204224877,0.4,25.0,0,0.43723761575679226,0.28507728772559804,0.27768509651760975,H,True
2025-2026,2026-04-11,Arsenal,Bournemouth,1,2,A,1,1,D,15,8,3,3,10,1,12,18,1,3,0,0,M Oliver,3.16346,1.39461,1833.1583647777925,1601.9487319714583,2.9712915503845947,-2.189596803690161,231.20963280633416,2.2,0.8,5.0,3.2,4.8,1.8933046,0.8013522000000002,1.9565352223889336,1.3888964,0.7835837999999999,1.8041454920716429,0.2,28.0,0,0.6,0.6,4.0,3.2,6.0,1.7602401999999997,1.5038016000000003,1.7876390038764147,1.5186302,1.8903034,1.8593463371624988,1.0,22.0,0,0.6906021384346093,0.1975197870847635,0.11187807448062728,H,False
2025-2026,2026-04-11,Brentford,Everton,2,2,D,1,1,D,17,14,4,7,2,3,6,7,0,2,0,0,F Hallam,2.26302,1.57033,1607.5084053018636,1616.317173698316,-3.853950878903382,4.948351355446396,-8.808768396452251,1.2,1.4,3.4,4.0,4.0,1.5816658,1.3462579999999995,1.5646931261085322,2.4326920000000003,1.370534,1.5732443817703468,0.6,21.0,0,1.6,1.0,5.2,4.6,4.8,1.3500948,1.3191598000000002,1.467023960389031,1.5001358,1.5124686,1.4022443267340132,0.0,21.0,0,0.4184678852243232,0.2795861179291725,0.30194599684650436,H,False
2025-2026,2026-04-11,Burnley,Brighton,0,2,A,0,1,A,10,13,5,6,8,2,7,11,2,1,0,0,T Bramall,0.812029,1.07182,1384.691319643767,1630.0980385847615,-1.4305050922303342,7.814334794369392,-245.40671894099452,1.0,2.0,3.2,4.6,4.6,1.2402226,2.394782,1.3294987404582088,1.2431528,2.21077,1.2021233420913178,0.4,21.0,0,1.4,0.6,5.6,3.6,3.8,1.6100415999999995,0.9302934,1.7755358136354,1.2519592000000004,1.4033842,1.586837248426889,0.0,21.0,0,0.20799792801775147,0.2595771311533047,0.5324249408289439,A,True
2025-2026,2026-04-11,Liverpool,Fulham,2,0,H,2,0,H,18,19,5,4,6,9,10,4,0,0,0,0,A Taylor,2.01499,1.42024,1706.2263486460602,1579.7204625425993,-4.663365956442178,2.7141308499947763,126.50588610346084,1.8,1.4,5.4,4.6,6.8,1.7850922,1.5016841999999997,1.796535712015504,2.25137,1.150822,1.7845473705420851,0.2,21.0,0,1.6,0.8,3.8,2.6,5.2,1.9068302,1.3909684000000002,1.8584375025134023,1.2265108,1.6543461999999998,1.7333623231813506,0.2,21.0,0,0.5849661753538999,0.24212170601073776,0.17291211863536227,H,True
2025-2026,2026-04-12,Chelsea,Man City,0,3,A,0,0,D,12,18,3,8,4,12,10,14,3,1,0,0,C Kavanagh,1.22108,2.40839,1659.18285277742,1792.4075251061377,-5.955939566802806,0.5780048704995273,-133.2246723287176,1.2,1.6,4.0,5.4,8.8,2.066672,1.25498,2.2098967390455244,2.3472280000000003,1.30712,2.217498057893214,0.2,22.0,0,1.8,0.8,6.0,3.4,6.6,2.210638,0.9328852,2.2807403900292345,1.852171,1.5407804000000005,2.1098839994505987,0.4,29.0,0,0.29700528404694704,0.2529444911922187,0.45005022476083434,A,True
2025-2026,2026-04-12,Crystal Palace,Newcastle,2,1,H,0,1,A,11,7,5,3,2,4,17,12,0,3,0,0,A Madley,3.13933,1.27299,1581.615648723827,1613.485036772275,-1.5142771531480947,-1.3697843203184883,-31.869388048447945,1.4,1.2,2.6,5.6,5.4,1.3976488,1.4293165999999995,1.3523996992722285,1.6862750000000006,1.7325326,1.3540395450472489,0.2,28.0,0,1.4,1.6,5.6,5.4,4.8,1.1785548,2.16623,1.272892046021709,1.0216012,1.8261511999999995,1.5042985025783784,0.0,21.0,0,0.3391535062691073,0.2718045325521685,0.3890419611787239,A,False
2025-2026,2026-04-12,Nott'm Forest,Aston Villa,1,1,D,1,1,D,15,12,4,5,7,3,15,10,2,2,0,0,M Salisbury,0.85045,1.36297,1552.31896567505,1651.204360049269,2.082727328967283,-10.706972610070752,-98.885394374219,1.2,1.0,3.8,4.2,4.0,1.0733658,1.7753696,1.172754476314494,1.3504908,1.6497034,1.3080744655262195,0.4,21.0,0,1.0,2.0,4.4,4.2,5.4,1.46644,1.7226748,1.5062611526961107,1.3124132,1.6584580000000002,1.4904900035913011,0.2,21.0,0,0.31864175034126296,0.2899404606778797,0.3914177889808572,A,False
2025-2026,2026-04-12,Sunderland,Tottenham,1,0,H,0,0,D,13,11,2,7,2,6,14,15,3,3,0,0,R Jones,1.77584,1.01598,1486.2498180756054,1486.410690544064,2.4197516370904872,-7.244905258541929,-0.1608724684585922,1.0,1.2,3.6,4.2,4.6,1.4018558,1.4549804,1.490062170804226,1.3692574,1.5310122,1.3005131689775091,0.2,21.0,0,0.8,2.6,4.0,5.2,6.6,1.081353,2.07954,1.1619293179716608,1.383777,1.70524,1.2639837699732352,0.2,21.0,0,0.3848621515450804,0.288459736198957,0.32667811225596244,H,True
2025-2026,2026-04-13,Man United,Leeds,1,2,A,0,2,A,20,15,9,6,11,4,12,15,3,2,1,0,P Tierney,1.36555,2.95118,1655.1644126383796,1509.4131805143193,3.92186951901825,-0.9003244508409896,145.75123212406038,1.8,1.2,6.0,3.8,5.2,1.806094,1.1778685999999996,1.9324052055052867,2.221296,0.8591615999999996,1.7675996504674385,0.2,24.0,0,0.2,0.6,3.4,2.4,5.0,1.0195796,1.0788024,1.1250387774824304,1.546678,1.6632442,1.2231318522774113,0.6,23.0,0,0.6142000614020899,0.23693205802619785,0.1488678805717124,H,False
2025-2026,2026-04-18,Brentford,Fulham,0,0,D,0,0,D,13,11,4,0,9,3,8,13,0,1,0,0,P Tierney,2.33552,0.790707,1607.7618877255832,1569.952941096459,-0.495633593715829,-1.4630522393915617,37.80894662912419,1.6,1.4,3.6,4.0,3.2,1.6962238000000005,1.3859179999999998,1.6938341391969425,2.1131040000000003,1.383312,1.6986581305393744,0.8,7.0,1,1.0,1.0,3.8,3.2,6.2,1.7574862,1.4417864000000002,1.7556141063349375,1.4587996,1.6235482,1.6764309916938325,0.2,7.0,1,0.44083665168314545,0.2873709720623759,0.2717923762544788,H,False
2025-2026,2026-04-18,Chelsea,Man United,0,1,A,0,1,A,21,4,3,1,7,1,12,13,1,3,0,0,M Oliver,1.28109,0.436043,1648.0826216758626,1641.199272774087,-6.788457656598927,-0.6193348380542438,6.883348901775662,1.0,2.0,4.2,6.2,7.8,1.80782,1.5341479999999998,2.034925070166911,2.266918,1.493756,2.036331138276266,0.0,6.0,1,1.8,1.6,7.2,4.2,7.2,1.788264,1.6559198,1.8985271267927837,1.2765638000000004,1.4051008,1.6944997140188134,0.2,5.0,1,0.3713561035145865,0.2530535382347749,0.3755903582506387,A,True
2025-2026,2026-04-18,Leeds,Wolves,3,0,H,2,0,H,17,7,6,2,5,6,9,17,2,1,0,0,F Hallam,3.55804,0.568627,1523.378320378612,1449.1489314038176,0.8928074940587212,4.650301355827773,74.22938897479435,0.4,0.6,3.8,3.4,5.4,1.3541056,1.1010344,1.485717947828579,1.2488536,1.7638973999999998,1.5373224245906092,0.4,5.0,1,1.2,1.6,3.8,5.0,2.4,1.238728,2.172286,1.3434936448553956,0.9999078,2.426464,1.0409730530729442,0.2,8.0,1,0.5250549332678146,0.27257259018404567,0.2023724765481396,H,True
2025-2026,2026-04-18,Newcastle,Bournemouth,1,2,A,0,1,A,12,12,3,3,2,3,11,12,2,4,0,0,T Bramall,1.61167,3.36662,1602.5703260484422,1617.7686854135964,-2.4919122447067186,1.6252366205523685,-15.198359365154149,1.4,1.6,4.8,5.0,4.6,1.331562,2.3488,1.41961206084301,1.9257299999999995,1.970248,1.4622424112004917,0.0,6.0,1,1.0,0.8,3.6,3.2,5.2,1.934616,1.6676696000000004,2.0242738234402147,1.4580782,2.32384,1.7748488213147715,0.8,7.0,1,0.4386295393842431,0.2827760336306313,0.2785944269851255,H,False
2025-2026,2026-04-18,Tottenham,Brighton,2,2,D,1,1,D,13,10,6,3,7,5,14,14,3,1,0,0,S Attwell,1.56052,1.1373,1476.406060262548,1635.972414767428,-8.122662370909511,5.6815892304590685,-159.5663545048801,0.6,2.0,4.4,4.2,7.4,1.2078962,1.7713060000000005,1.270762435304287,1.2969888,2.256458,1.218892175432647,0.2,6.0,1,1.4,0.6,5.4,4.0,3.4,1.5499995999999996,0.7546532000000001,1.675822668538381,1.1999992000000002,0.973982,1.4931977487129091,0.0,7.0,1,0.33788940675853546,0.27877198756044497,0.38333860568101946,A,False
2025-2026,2026-04-19,Aston Villa,Sunderland,4,3,H,2,1,H,15,10,7,7,4,5,11,11,1,3,0,0,S Barrott,3.90223,1.56008,1648.4326499915678,1496.2544483571214,-10.261418593652175,6.644356493551937,152.1782016344464,1.0,2.0,4.6,4.2,4.6,1.4881559999999998,1.6370548,1.5351577648562855,1.5075016,1.2447312,1.4673045483928828,0.2,7.0,1,1.0,0.6,3.6,4.8,3.8,1.4048438,1.2247844,1.474301419240664,1.1460718,1.4720764000000002,1.3869362291634166,0.2,7.0,1,0.6521315534917738,0.21822543878088044,0.12964300772734566,H,True
2025-2026,2026-04-19,Everton,Liverpool,1,2,A,0,1,A,10,14,4,6,1,6,8,12,2,0,0,0,C Kavanagh,1.4784,1.38333,1616.0636912745963,1715.9938700922005,6.645831254916411,-3.7237871144104937,-99.9301788176042,2.0,1.2,5.8,4.8,3.4,1.551976,1.4808238,1.6812768383614751,1.27715,1.3314117999999997,1.4328053582369198,0.2,8.0,1,2.0,1.4,5.6,5.0,7.6,1.7088221999999995,1.5987785999999995,1.7282945811688974,1.9088732,1.801779,1.826446030443524,0.2,8.0,1,0.3174124006184492,0.2687558299297447,0.41383176945180605,A,True
2025-2026,2026-04-19,Man City,Arsenal,2,1,H,1,1,D,15,9,5,3,8,5,5,12,2,2,0,0,A Taylor,2.61528,2.28964,1803.5077562076951,1817.3384113356544,1.2277431765616105,1.444789340189137,-13.83065512795929,1.8,0.8,6.6,3.4,8.2,2.356872,0.9665352,2.46154210338075,2.130938,0.9343014,2.164157817732308,0.4,7.0,1,2.0,0.8,4.8,3.4,6.2,2.1239606,1.0456504000000002,2.252248353529768,2.0340886,0.6931722,2.051293584422253,0.0,8.0,1,0.5222431493402703,0.24662959444993912,0.23112725620979024,H,True
2025-2026,2026-04-19,Nott'm Forest,Burnley,4,1,H,0,1,A,10,4,4,3,4,4,8,12,0,2,0,0,T Kirk,1.4425,0.601418,1555.0906757327514,1378.8169434611004,3.650994787703938,-3.992908459278996,176.27373227165094,1.4,1.0,4.2,4.4,4.0,1.0565021999999995,1.5686956,1.144427160339942,1.4568846,1.3496514,1.224870017248725,0.6,7.0,1,0.8,2.2,3.4,5.4,5.2,1.2001184,2.106078,1.2779691203985204,0.9035966,2.2344540000000004,1.1311970980747144,0.2,8.0,1,0.567270510818004,0.2551706727561788,0.1775588164258171,H,True
2025-2026,2026-04-20,Crystal Palace,West Ham,0,0,D,0,0,D,9,9,1,4,4,6,13,12,2,1,0,0,D England,0.733442,0.622445,1592.5303594476595,1518.4177537900794,3.760424701522641,3.919075819688788,74.11260565758039,1.4,0.8,3.0,5.6,4.2,1.5999948,1.5456599999999998,1.6373150533307672,2.0491310000000005,1.5731006,1.6786378095841124,0.2,8.0,1,1.6,1.6,3.2,5.6,4.4,1.3279611999999998,1.547872,1.4096266504799693,1.2910368,1.9441126,1.50636686085152,0.2,10.0,1,0.46684300542225554,0.2769852152162968,0.2561717793614478,H,False
2025-2026,2026-04-21,Brighton,Chelsea,3,0,H,1,0,H,15,6,9,0,6,5,15,6,1,1,0,0,C Pawson,2.51784,0.297865,1631.6775333029475,1637.8845288858606,3.224227771624604,-7.561874358473598,-6.206995582912896,1.4,0.8,4.6,4.4,3.6,1.5372455999999997,0.9006472000000002,1.6535919160027273,1.5431812,0.9023636,1.4284890671287438,0.2,3.0,2,0.8,1.8,4.2,5.4,7.2,1.7935019999999997,1.2781606,1.9877813237003328,2.588778,1.552298,1.8990145676805812,0.0,3.0,2,0.41454775401352023,0.27812655504371186,0.3073256909427679,H,True
2025-2026,2026-04-22,Bournemouth,Leeds,2,2,D,0,0,D,17,10,7,3,12,1,6,10,3,0,0,0,M Salisbury,1.91355,1.21601,1627.3315202806225,1537.195324926437,4.334992924231055,4.3096431524494365,90.13619535418547,1.2,0.8,3.2,3.0,4.4,2.243072,1.7742296000000004,2.387763996425896,2.209976,1.0163538,2.064261762893904,0.6,4.0,2,1.0,0.4,4.6,2.8,5.4,1.7900655999999997,0.7210918000000001,1.8419331044684717,1.6662779999999997,1.4493641999999998,1.904725620119589,0.4,4.0,2,0.49296645355112967,0.2748684367744338,0.23216510967443668,H,False
2025-2026,2026-04-22,Burnley,Man City,0,1,A,0,1,A,9,28,1,9,3,11,10,12,0,0,0,0,A Madley,0.973776,3.40888,1369.504896335534,1813.905624321656,-4.941637219173996,2.246502578975408,-444.4007279861216,0.4,2.2,3.4,4.8,5.2,1.1556372,1.905388,1.2257964697819408,1.3416166,1.920158,1.0348736256974935,0.2,3.0,2,1.8,0.8,6.2,2.6,8.8,2.434632,1.3228724,2.614236456548438,2.256446,1.1704404000000002,2.24618003269007,0.4,3.0,2,0.07344047193493324,0.15166275097992732,0.7748967770851394,A,True
2025-2026,2026-04-24,Sunderland,Nott'm Forest,0,5,A,0,4,A,14,10,4,6,3,6,13,15,2,5,0,0,D England,0.614323,1.54208,1490.3743349279491,1564.4027228583177,4.671144477444035,7.111789378755603,-74.02838793036858,1.4,1.2,4.2,5.2,4.2,1.5010857999999998,1.6403624,1.585646992858098,1.3552234,1.5038702000000002,1.4184169147700685,0.0,5.0,2,2.0,0.8,4.2,3.6,4.0,1.1788921999999995,1.4487652,1.231597929877854,1.332286,2.186488,1.264439105021684,0.6,5.0,2,0.33868431468349136,0.29308659547253146,0.3682290898439773,A,True
2025-2026,2026-04-25,Arsenal,Newcastle,1,0,H,1,0,H,11,13,4,3,7,2,13,10,2,2,0,0,S Barrott,0.639189,0.868897,1806.9405432216936,1593.007491181416,-1.7579532265385982,-2.219676532420631,213.93305204027772,1.4,1.0,4.0,3.4,6.2,1.9184866,1.4920536,2.12941998797292,1.881222,0.9987773999999998,2.09462929634548,0.0,6.0,2,1.2,1.4,4.0,4.6,3.6,1.430118,2.540662,1.531117597423592,1.1135366000000002,2.375974,1.489411063709493,0.0,7.0,2,0.7002876356913489,0.19243388853009796,0.10727847577855326,H,True
2025-2026,2026-04-25,Fulham,Aston Villa,1,0,H,1,0,H,13,10,6,1,2,5,14,12,2,2,0,0,M Oliver,1.24069,0.906156,1571.0368945535824,1654.31276342074,-2.902876505126461,-4.084250645953949,-83.27586886715767,0.6,0.8,3.0,3.8,5.8,1.4514876,1.7184722,1.4557103359463628,1.9533786,1.6414462,1.5153902659313174,0.4,7.0,2,1.8,2.2,5.0,5.2,4.4,2.005946,1.6475288,2.06502253782096,1.1709772,1.563538,1.910018266866904,0.2,6.0,2,0.34397320615134286,0.28455124988717806,0.3714755439614791,A,False
2025-2026,2026-04-25,Liverpool,Crystal Palace,3,1,H,2,0,H,9,14,3,7,5,8,10,10,1,3,0,0,A Madley,1.45071,2.19912,1723.194422115387,1590.4290032602842,-3.716411568955438,2.1432463256541885,132.76541885510278,1.4,1.2,5.4,5.0,6.8,1.5656102,1.6241185999999996,1.6068194719484996,1.956278,1.3254758,1.7458794794537922,0.2,6.0,2,1.2,0.8,2.6,5.0,3.6,1.3395652,1.3346509999999996,1.3987988954085742,1.2055886,1.4426604,1.5067840260233647,0.4,5.0,2,0.6617218574792991,0.2105626765401986,0.12771546598050215,H,True
2025-2026,2026-04-25,West Ham,Everton,2,1,H,0,0,D,10,11,3,3,3,4,9,11,3,4,0,0,S Attwell,1.8356,1.1144,1520.519109977455,1608.8631392514098,5.772081916346124,3.0209181645877887,-88.3440292739549,1.2,0.6,3.2,4.4,4.6,1.1821102,1.2746824,1.2291715078359728,1.7742204,0.8997806,1.3456537952421526,0.4,5.0,1,1.6,1.2,5.6,4.6,3.2,1.366194,1.5337118000000003,1.5011498703102233,1.6650299999999998,1.783994,1.4410952931029342,0.2,6.0,2,0.3129867545753065,0.28381536829907666,0.40319787712561683,A,False
2025-2026,2026-04-25,Wolves,Tottenham,0,1,A,0,0,D,11,11,2,2,5,5,8,14,3,4,0,0,A Taylor,0.762656,1.06403,1435.3319268559926,1480.7009417270283,3.08380758465612,-5.607071120853844,-45.36901487103569,1.2,2.0,2.8,5.6,3.0,1.0169553999999998,2.476776,1.1070030669453768,1.1068224,2.169914,0.955091952514227,0.2,7.0,1,0.8,2.0,5.4,4.0,7.2,1.329582,1.5346260000000005,1.4109310769980372,1.261753,1.82238,1.2810063253539838,0.4,7.0,2,0.2731517818573935,0.2762093387513671,0.4506388793912393,A,True
2025-2026,2026-04-27,Man United,Brentford,2,1,H,2,0,H,11,12,6,4,7,8,6,9,2,4,0,0,C Kavanagh,1.84852,1.30383,1651.397365564089,1606.6779342684597,-0.2121692457959138,-1.6261049503587963,44.71943129562919,1.6,1.4,5.2,4.2,6.0,1.4062545999999998,1.835198,1.500192000686818,1.87985,1.3719945999999996,1.4656894023790292,0.2,9.0,2,0.8,0.8,3.0,3.4,3.4,1.6741378,1.3792946,1.7265417282504167,1.077327,1.806696,1.8144511977140332,1.0,9.0,1,0.5547530327787216,0.25677617195689356,0.1884707952643847,H,True
2025-2026,2026-05-01,Leeds,Burnley,3,1,H,1,0,H,18,9,8,3,5,0,12,11,4,3,0,0,T Bramall,2.09546,0.434597,1539.732974505857,1368.0673140225688,7.095287482763875,-3.784767723070849,171.66566048328832,1.4,0.6,4.4,4.0,3.8,1.8556212,0.9350306,1.9320395745647596,1.9247196,1.1687687999999998,1.7795045982796636,0.6,9.0,2,0.4,2.0,3.2,5.6,5.2,1.1979466,2.355474,1.299333640264522,0.998606,2.145654,1.0237649664797674,0.2,9.0,2,0.5700589774949699,0.25577404367566414,0.174166978829366,H,True
2025-2026,2026-05-02,Arsenal,Fulham,3,0,H,3,0,H,18,10,9,1,3,4,7,12,0,1,0,0,J Gillett,4.09079,0.696714,1811.4589314410784,1583.3888974731933,-2.1204774387874066,2.0952288461393005,228.07003396788517,1.2,0.8,3.8,3.4,6.6,1.7031284,1.395297,1.8803415560115275,1.7242378000000005,1.0443764,1.8300037879190287,0.0,7.0,2,0.8,0.6,3.2,3.4,4.8,1.574001,1.6006474000000002,1.604449557890338,1.272945,1.7219282,1.4654447630347145,0.4,7.0,2,0.7052644947860746,0.19189552473418134,0.10283998047974409,H,True
2025-2026,2026-05-02,Brentford,West Ham,3,0,H,1,0,H,14,13,6,4,2,6,8,12,1,3,0,0,C Pawson,2.27374,0.753895,1597.958001801125,1533.0084357963922,-3.317421034665351,5.742242312790005,64.94956600473279,1.0,1.2,3.4,4.2,4.4,1.8002382000000003,1.2854585999999997,1.86947611622833,2.1793819999999995,1.2635374,1.7216109799478454,0.8,5.0,2,1.4,0.8,3.2,4.0,4.2,1.2501741999999996,1.3719378,1.3068229831451568,1.0703557999999995,1.5585350000000002,1.434734923379943,0.4,7.0,2,0.5053454583281008,0.27567662607813825,0.21897791559376056,H,True
2025-2026,2026-05-02,Newcastle,Brighton,3,1,H,2,0,H,13,13,6,4,2,10,10,12,3,3,0,0,C Kavanagh,3.12933,1.87112,1588.4891029620314,1649.490140510066,-5.399909461437119,7.720688162281277,-61.001037548034674,0.8,1.4,3.6,4.4,3.6,1.2106234,2.3073578,1.307211059191614,1.857096,2.379286,1.3765903248532214,0.0,7.0,2,2.0,0.6,5.8,4.0,4.0,1.8569679999999995,0.8572596000000002,1.9801307693898935,1.0381552000000005,1.0596,1.6265528731053358,0.2,11.0,2,0.3654594112747468,0.2852841645872339,0.3492564241380194,H,True
2025-2026,2026-05-02,Wolves,Sunderland,1,1,D,0,1,A,20,10,7,2,6,3,11,11,0,4,0,1,P Tierney,1.96131,0.923954,1426.63038012915,1474.57241317602,-3.657647022576158,-0.7673542873722191,-47.94203304686994,0.8,2.2,2.8,5.0,4.0,0.8679445999999998,2.4269260000000004,0.9158765135528176,0.8386476,2.064488,0.9201035975116402,0.2,7.0,2,1.2,2.2,4.8,5.6,4.4,1.4551792,1.7711320000000002,1.5432550817865829,1.3153202,1.8151724,1.2722180211755103,0.0,8.0,2,0.3489068387014839,0.28670026878206634,0.3643928925164497,A,False
2025-2026,2026-05-03,Aston Villa,Tottenham,1,2,A,0,2,A,5,10,1,5,5,5,12,12,2,5,0,0,S Barrott,0.609494,1.12225,1641.9607605011292,1489.4024884538708,-3.064320894381525,-1.403310013749579,152.55827204725847,1.6,1.6,4.4,4.8,4.8,1.9734692,1.2179008,2.0160970108330107,1.8573156,1.493764,1.727497854709285,0.2,8.0,2,0.8,1.4,5.0,3.6,7.0,1.283158,1.3041272000000004,1.342967215763301,0.956373,1.6651432,1.2415560843805322,0.4,8.0,1,0.5315434190866587,0.2549973392599784,0.21345924165336283,H,False
2025-2026,2026-05-03,Bournemouth,Crystal Palace,3,0,H,2,0,H,16,7,5,1,7,1,10,11,0,2,0,0,R Jones,2.29626,0.678329,1624.7938707012024,1580.8973352806586,3.774792599186656,1.869365695471164,43.89653542054384,1.6,1.2,4.2,3.2,6.0,2.162242,1.882766,2.280945136231461,1.929738,1.0720888,2.0368596241859214,0.6,11.0,1,1.2,1.0,3.4,3.4,5.0,1.7024494,1.1555749999999998,1.819725870216728,1.4150746,1.3636004,1.6326632940191164,0.4,8.0,2,0.5127566689672112,0.26744781216320007,0.21979551886958879,H,True
2025-2026,2026-05-03,Man United,Liverpool,3,2,H,2,0,H,18,13,6,5,3,2,12,11,2,2,0,0,D England,2.55612,1.02814,1660.1172980314236,1732.7260900950123,3.808372532810579,1.576670926080935,-72.60879206358891,1.8,1.2,5.4,4.0,6.6,1.4148165999999998,1.7026899999999998,1.509982171032945,1.88083,1.2887645999999997,1.535294965582842,0.2,6.0,1,1.8,1.0,4.6,5.8,5.6,1.4213182,1.936736,1.4959717907284251,1.9980722,1.434511,1.6922123013712844,0.2,8.0,2,0.43995718137614703,0.2610901254528549,0.29895269317099815,H,True
2025-2026,2026-05-04,Chelsea,Nott'm Forest,1,3,A,0,2,A,21,6,5,4,10,1,12,10,3,1,0,0,A Taylor,2.17132,2.31019,1620.0719216787422,1580.2046446102468,-14.614726135391884,8.946846413100626,39.86727706849547,0.0,2.2,2.6,6.4,6.6,1.175309,1.5680206,1.2958654238085372,1.99087,1.2357945999999995,1.6078964644659302,0.0,13.0,1,2.6,0.4,4.6,3.0,5.0,1.2400242,1.0263198,1.2403146988131446,1.362786,1.9085266,1.314919267745014,0.4,10.0,1,0.4378123504284954,0.2751513837930892,0.28703626577841546,H,False
2025-2026,2026-05-04,Everton,Man City,3,3,D,0,1,A,14,21,6,4,5,9,15,5,4,1,0,0,M Oliver,1.68558,1.41706,1596.3738134324726,1815.343206634621,-0.9213329578958755,1.8805842927427447,-218.96939320214847,1.4,1.6,5.2,4.8,2.8,1.357384,1.748386,1.5117285837523853,1.3948467999999998,1.2727577999999995,1.381696148902401,0.2,9.0,1,1.8,0.8,7.0,2.4,10.4,2.6227399999999994,1.2419796,2.736807252541285,2.530994,1.0657196,2.4575800267464207,0.4,12.0,1,0.17386624940138343,0.22558308079025124,0.6005506698083652,A,False
2025-2026,2026-05-09,Brighton,Wolves,3,0,H,2,0,H,14,5,6,1,7,1,9,11,1,2,0,0,J Brooks,2.22427,0.515647,1631.8832463670951,1428.0015709503557,2.926982785782501,-6.770157757446315,203.88167541673943,2.0,1.2,5.8,4.4,5.4,2.0055279999999995,1.351309,2.154015446610148,1.7610992,0.7056845999999999,1.67101962344982,0.2,7.0,1,0.6,2.2,3.6,4.0,4.8,1.1329999999999998,2.1772828000000004,1.1537786868605184,1.0050966,2.924992,1.1094138525095236,0.4,7.0,2,0.6305897123417524,0.2288686489624596,0.1405416386957879,H,True
2025-2026,2026-05-09,Fulham,Bournemouth,0,1,A,0,0,D,14,10,2,5,11,2,12,21,4,2,1,1,A Madley,1.24334,0.998003,1575.9686918671296,1640.0945341260124,0.8258926208831048,7.9512054412944595,-64.12584225888281,0.8,1.2,3.4,4.8,4.8,1.5265462,2.2546032,1.581510605662098,1.9750306,1.4333734,1.325675533392039,0.2,7.0,2,2.2,1.2,4.6,3.0,5.8,2.147536,1.6830418000000005,2.32671494309836,1.8131702,2.225468,2.08402332887939,0.4,6.0,1,0.33177629383485485,0.2858423734108843,0.3823813327542608,A,True
2025-2026,2026-05-09,Liverpool,Chelsea,1,1,D,1,1,D,8,6,3,3,5,2,17,17,2,4,0,0,C Pawson,0.623191,0.597184,1720.666143290029,1603.3582277377766,0.3180176994779159,-15.517734382523916,117.3079155522521,2.0,1.4,4.8,5.6,5.4,1.3667942,2.216688,1.4640185867616715,1.626474,1.708436,1.5714718829401415,0.0,6.0,2,0.2,2.6,3.0,6.2,7.0,1.2645569999999997,1.8235566,1.381769795559031,2.030717,1.57228,1.7103371072903064,0.0,5.0,1,0.5686783438171056,0.23826863324240943,0.19305302294048496,H,False
2025-2026,2026-05-09,Man City,Brentford,3,0,H,0,0,D,25,4,10,2,10,2,8,14,4,2,0,0,M Salisbury,4.37429,0.670038,1809.7610006146683,1612.2241372301726,2.089470404793039,0.3622410788364725,197.536863384496,2.0,1.0,6.4,2.8,11.0,2.360842,1.3318116,2.482632383035486,2.062186,1.1259054,2.2683945673379804,0.4,5.0,1,1.2,0.8,4.0,4.2,4.6,1.6956662000000002,1.0761495999999997,1.7891356217704035,1.2751097999999998,1.745768,1.8219980745027824,0.6,7.0,2,0.7665839728977284,0.15234444793649465,0.08107157916577694,H,True
2025-2026,2026-05-09,Sunderland,Man United,0,0,D,0,0,D,15,11,4,1,7,8,12,12,0,3,0,0,S Attwell,1.2376,0.535981,1473.2012223548145,1672.1772448364077,0.2307340962912452,3.080521429221935,-198.97602248159296,1.4,2.2,4.4,6.2,3.6,1.5081534,1.93773,1.5774461227924967,1.100788,1.787012,1.2088972900526902,0.2,7.0,1,1.8,1.4,5.4,4.6,6.0,1.5903945999999998,1.6661759999999997,1.7296828150389405,1.2355920000000002,1.3764967999999995,1.7208995172950523,0.2,6.0,2,0.2215578784726808,0.25206348722880934,0.52637863429851,A,False
2025-2026,2026-05-10,Burnley,Aston Villa,2,2,D,1,1,D,15,18,6,7,2,8,18,8,1,1,0,0,A Taylor,1.71234,1.75493,1359.9292040524872,1627.8317954989047,-6.528669874232955,-2.7502734302410325,-267.90259144641755,0.6,2.6,3.4,6.6,4.2,0.949476,2.3006079999999995,1.029482432570518,1.2266038,2.083748,0.9166435180289004,0.0,9.0,1,1.6,1.4,4.2,4.6,4.6,1.853226,1.1067048,1.8722190694922207,1.0879224,1.420708,1.524224426580324,0.2,7.0,1,0.18969692138446603,0.25356688101485036,0.5567361976006835,A,False
2025-2026,2026-05-10,Crystal Palace,Everton,2,2,D,1,1,D,21,13,8,6,5,10,5,13,0,2,0,0,T Bramall,3.28826,2.10265,1565.5966718558486,1601.9560194524252,-3.654218751226581,1.4805785254170627,-36.35934759657653,0.6,1.4,2.8,3.6,4.6,1.4550852,1.355597,1.581417667774706,1.7122334000000006,1.0799556000000003,1.4591479678338224,0.4,7.0,1,2.0,1.8,5.8,4.2,3.2,1.4588059999999998,1.6500880000000002,1.632683051072367,1.6316580000000005,1.865464,1.4369477581928731,0.4,6.0,1,0.3796249762130963,0.2881245914093138,0.33225043237759,H,False
2025-2026,2026-05-10,Nott'm Forest,Newcastle,1,1,D,0,0,D,17,16,6,6,2,1,16,11,2,0,0,0,P Tierney,1.46434,1.65067,1596.9183385512124,1606.0959971050024,12.074880305337206,-4.318261173903997,-9.177658553790025,3.2,0.6,5.0,4.0,4.2,1.5378599999999998,1.2737862,1.5671540695185628,1.5479337999999998,1.140335,1.4958775827004658,0.2,6.0,1,1.2,1.6,3.8,4.6,3.8,1.6299874,2.3365658,1.762358961476891,1.2304522000000002,1.8838658,1.695270265788999,0.0,8.0,1,0.42560647424578124,0.2850207127966898,0.28937281295752887,H,False
2025-2026,2026-05-10,West Ham,Arsenal,0,1,A,0,0,D,9,15,3,4,4,3,14,12,3,4,0,0,C Kavanagh,1.32011,1.42953,1518.7423003673446,1818.8791370471424,1.5077905300673635,-1.5703752668076645,-300.1368366797976,1.2,1.2,3.8,4.0,5.2,1.3031567999999996,1.4357658,1.350137724645514,1.7039904,0.979893,1.3109458464017714,0.2,8.0,1,1.6,0.8,5.2,3.0,6.6,2.4183258,1.3507942,2.633090647926859,1.7831626000000005,1.1804862,2.2410558264792053,0.0,8.0,1,0.17330878175249553,0.23799055800691413,0.5887006602405905,A,True
2025-2026,2026-05-11,Tottenham,Leeds,1,1,D,0,0,D,16,11,3,4,14,2,12,7,3,1,0,0,J Gillett,1.49036,1.86976,1503.5314534560953,1547.8710844759387,0.269146852301591,8.272486099149226,-44.33963101984341,1.0,1.4,4.6,3.0,7.2,1.276336,1.1658740000000003,1.322720724815373,1.3096168,2.07669,1.219864069038617,0.2,8.0,1,2.0,0.8,5.4,4.6,4.2,2.0475972,0.916909,2.074455811440504,1.57416,1.654091,1.8369510349560885,0.4,10.0,1,0.4309269631985437,0.27530088638803085,0.2937721504134254,H,False
2025-2026,2026-05-13,Man City,Crystal Palace,3,0,H,2,0,H,15,6,4,2,9,4,10,7,0,2,0,0,S Attwell,1.95679,0.428862,1818.2607752195204,1566.6393743066171,5.170650022676522,-2.995254883441949,251.62140091290323,2.4,0.8,7.2,3.0,10.0,2.844779999999999,1.3680228,3.0309039252701315,2.723964,1.1513763999999995,2.651284646003802,0.2,4.0,2,1.0,1.8,4.4,4.2,4.0,2.0076962000000003,1.5490109999999997,2.178431647236201,1.2211404,1.6254016,1.791713791864037,0.4,3.0,2,0.7871430814257288,0.14273850290803747,0.07011841566623368,H,True
2025-2026,2026-05-15,Aston Villa,Liverpool,4,2,H,1,0,H,14,16,9,5,4,9,12,9,3,1,0,0,C Kavanagh,2.5252,1.55027,1621.3561926128034,1717.4124607622448,-5.969633487293155,2.237222423236927,-96.0562681494414,1.6,1.8,4.2,5.6,5.0,1.707156,1.297162,1.6896613497660482,1.8639868,1.6219528,1.5661708944748105,0.4,5.0,2,2.0,1.2,4.4,4.8,4.8,1.3000722,1.6502127999999996,1.390927066171931,1.5873562,1.8069762,1.3990571769510252,0.2,6.0,2,0.3602714554811187,0.2763585715165168,0.3633699730023644,A,False
2025-2026,2026-05-17,Brentford,Crystal Palace,2,2,D,1,1,D,14,16,3,5,9,4,7,5,1,3,0,0,S Barrott,1.54564,1.82274,1603.7243626253207,1559.9809621349807,-0.7568085353085511,-6.509879462535784,43.74340049034004,1.2,1.4,4.0,5.4,4.6,1.7692296000000003,1.8675484,1.8901103003591109,2.271822,1.2574804,1.6125507882295491,0.4,8.0,1,0.6,2.2,3.8,4.4,4.4,1.4656026,1.6857709999999997,1.6070344435151191,1.121232,1.8692,1.5439225569796662,0.4,4.0,3,0.46147117333321436,0.2779360915917362,0.2605927350750495,H,False
2025-2026,2026-05-17,Everton,Sunderland,1,3,A,1,0,H,10,7,4,3,3,2,14,9,3,0,0,0,J Brooks,1.32181,1.28383,1600.9133170016569,1478.374609352859,-3.0807713393318528,-1.575041744549325,122.53870764879775,1.8,2.2,5.2,5.0,4.6,1.590272,2.0374540000000003,1.747669140282366,1.2657348,1.2737497999999996,1.5579845294305328,0.6,7.0,2,1.0,2.0,3.8,5.6,4.0,1.2223594,1.7915162000000002,1.2746653796880658,1.414666,1.9686324,1.2141159645885646,0.4,8.0,1,0.5956071962428305,0.23695575711604344,0.1674370466411259,H,False
2025-2026,2026-05-17,Leeds,Brighton,1,0,H,0,0,D,7,19,1,8,7,8,9,7,1,0,0,0,M Oliver,0.747756,2.23238,1546.601770853364,1640.150181990449,7.437718067808912,2.0104286811374896,-93.54841113708515,2.2,1.0,5.4,4.8,3.4,2.33809,1.1545368,2.3596856908552555,1.6674536,0.9235281999999998,1.8429163013277088,0.4,6.0,1,2.2,1.0,5.6,3.6,6.0,1.7644699999999998,1.2630782000000005,1.7914269905758955,1.316118,1.5702383999999998,1.7716106010043982,0.2,8.0,1,0.2975933519135611,0.27952840924899436,0.42287823883744435,A,False
2025-2026,2026-05-17,Man United,Nott'm Forest,3,2,H,1,0,H,29,11,8,4,7,6,11,5,2,1,0,0,M Salisbury,4.28532,1.84418,1667.003857838363,1597.182431375491,2.367889039996665,8.972693140088198,69.82142646287207,1.4,1.0,4.6,4.4,6.0,1.3484427999999995,1.5603679999999998,1.4624605376108388,1.958902,1.3757117999999997,1.50545978687777,0.2,8.0,2,2.8,0.8,4.8,4.6,4.0,1.5219119999999997,1.2801402,1.5714708277994645,1.492664,1.6664326000000005,1.4901434767549264,0.4,7.0,2,0.522695458014583,0.25643746904399994,0.22086707294141722,H,True
2025-2026,2026-05-17,Newcastle,West Ham,3,1,H,2,0,H,15,15,7,8,9,1,8,11,1,3,0,0,J Gillett,2.1336,0.957771,1605.8319042807238,1515.7247280780475,-1.5306264983102482,2.8285155520398533,90.1071762026761,1.2,1.4,4.2,4.4,2.2,1.7067114,2.0961198,1.8651359405829169,1.818662,2.423466,1.6871611265546356,0.2,7.0,1,1.2,1.0,4.2,3.4,4.8,1.415168,1.2246158,1.503928216445839,0.9966747999999996,1.6439950000000003,1.3126120561469037,0.2,7.0,1,0.49483333594767775,0.27966536208598314,0.22550130196633908,H,True
2025-2026,2026-05-17,Wolves,Fulham,1,1,D,1,1,D,11,13,3,5,3,6,20,8,1,0,0,0,T Kirk,1.49725,1.48412,1419.7346353270018,1567.7937054180352,-9.249979909809378,-2.3853514249128205,-148.0590700910334,0.2,2.4,3.0,4.6,4.0,0.8760413999999999,2.0628168,0.8783899012523012,1.0081656,1.4967228,1.0014562429623377,0.2,8.0,1,0.2,1.2,2.6,4.8,5.8,1.0783382,2.0690918000000003,1.2064363635770223,1.2017218,2.2046422,1.310705436411668,0.2,8.0,1,0.33169463557567136,0.2955782969299323,0.3727270674943965,A,False
2025-2026,2026-05-18,Arsenal,Burnley,1,0,H,1,0,H,13,5,3,0,3,3,7,16,1,3,0,0,P Tierney,1.22695,0.194884,1821.896709336439,1366.4048069385883,-2.2523310882707106,-3.657302541035667,455.4919023978505,1.4,0.8,4.6,3.0,5.6,2.3225218,1.3791222,2.5151621664513426,2.3035938,1.0982742,2.093505676210259,0.0,8.0,1,0.8,2.4,3.6,6.8,3.4,0.906832,1.954718,0.9975798660862863,0.9472708,2.139226,1.0613156056600097,0.2,8.0,1,0.8758814407742764,0.09344473221933795,0.030673827006385608,H,True
2025-2026,2026-05-19,Bournemouth,Man City,1,1,D,1,0,H,10,14,2,5,7,6,16,7,4,2,0,0,A Taylor,1.71486,1.26917,1648.2695205751068,1824.9191873911568,9.264157720729733,4.282286236692315,-176.64966681605006,2.0,0.8,4.6,2.4,5.0,1.9938086,1.5825618,2.1461678946263976,2.023698,1.0784554,1.8865650872649555,0.2,10.0,1,2.4,0.8,6.4,2.8,9.4,2.7544599999999995,1.2095792,2.9068539079966427,2.331454,1.1495316000000002,2.525012892184929,0.2,6.0,2,0.23998769630856784,0.25133347577485105,0.5086788279165811,A,False
2025-2026,2026-05-19,Chelsea,Tottenham,2,1,H,1,0,H,9,9,4,3,3,4,11,18,4,3,0,0,S Attwell,1.09262,2.15227,1606.6119102655605,1504.80076707867,-10.514188502371915,3.6780153069212753,101.81114318689038,0.4,2.2,2.8,5.0,5.6,1.1137077999999998,1.6591308000000002,1.23145344328289,1.782782,1.4399366,1.5079456332375234,0.2,10.0,1,1.2,1.0,4.6,2.4,7.4,1.250628,1.2310100000000004,1.2986372807901134,1.0621422,1.35389,1.2690451473952322,0.4,8.0,1,0.4722911191011829,0.2719309500283295,0.25577793087048756,H,True
2025-2026,2026-05-24,Brighton,Man United,0,3,A,0,2,A,13,11,2,7,0,3,11,8,0,1,0,0,S Barrott,0.702398,2.32868,1627.520876812497,1675.0208590501472,-1.6903075909862637,6.764317255212054,-47.49998223765056,1.8,1.2,6.0,2.8,7.2,1.996582,1.2502236000000002,2.0538887253755025,2.0583936,0.6231332,1.8553868553672344,0.2,7.0,1,1.8,1.0,4.4,4.0,5.2,1.9323968,1.338968,2.1002283573669307,1.1956348,1.3625247999999996,2.010888916536357,0.2,7.0,1,0.4773000889502088,0.2672701190798937,0.25542979196989735,H,False
2025-2026,2026-05-24,Burnley,Wolves,1,1,D,0,1,A,16,16,8,4,7,7,10,11,2,2,0,0,A Kitchen,1.28476,2.8433,1365.0501171495448,1423.7556086825537,-2.753365262311088,-5.078664544252802,-58.70549153300885,0.8,2.2,2.6,6.2,2.4,0.7834030000000001,1.985744,0.8684294178367367,1.1997837999999998,2.210274,0.9037825864490986,0.2,6.0,2,0.4,1.8,3.0,4.2,4.2,1.061098,1.8508828,1.0768597262744752,1.0268342,2.6316580000000003,1.0916005624237306,0.4,7.0,1,0.31892293910706604,0.305497294317337,0.3755797665755969,A,False
2025-2026,2026-05-24,Crystal Palace,Arsenal,1,2,A,0,1,A,8,17,3,7,3,4,9,12,0,1,0,0,F Hallam,1.00492,3.90645,1561.233387690325,1823.2513991254827,-5.839123113991844,1.1825975579656327,-262.01801143515786,1.0,2.6,4.6,4.2,4.4,1.6834622000000004,1.87041,1.848301268922636,1.9443654000000008,1.3622310000000002,1.5946166375288178,0.4,7.0,3,1.4,0.4,4.6,2.4,4.2,1.9352198,1.139177,2.063003452082125,1.9122326000000005,1.0822002,1.9359500987174845,0.0,6.0,2,0.2740431747911656,0.277825522155673,0.4481313030531615,A,True
2025-2026,2026-05-24,Fulham,Newcastle,2,0,H,1,0,H,21,7,6,2,6,6,13,6,2,2,0,0,R Jones,1.72878,0.24232,1563.772732062483,1617.026602114088,-1.2360418067951258,2.89125521312918,-53.253870051604736,0.4,1.0,2.8,4.4,5.2,1.0911142000000005,1.9655438,1.1642771179210798,1.7834466,1.255418,1.342235357064092,0.4,7.0,1,1.6,1.2,5.0,5.0,3.2,1.8788334,1.659808,2.0278785239373667,1.0666042,1.8388838,1.768331830817429,0.2,7.0,2,0.38116392445913383,0.2843165017685648,0.3345195737723014,H,True
2025-2026,2026-05-24,Liverpool,Brentford,1,1,D,0,0,D,24,11,8,2,14,2,9,9,2,3,0,0,D England,2.99412,1.46082,1698.3679079403057,1602.4719370699763,-3.52519243037898,-1.0579901311213118,95.89597087032917,2.0,2.0,4.4,5.8,5.4,1.2071282,1.8712048,1.3016495901590164,1.4978082,1.3449208,1.4265504175053842,0.2,9.0,1,1.2,1.4,3.8,5.0,6.0,1.6257536,1.9180304,1.723898418211317,1.0790734,1.956326,1.600385190369631,0.4,7.0,1,0.5440936324136953,0.2448333681522565,0.21107299943404825,H,False
2025-2026,2026-05-24,Man City,Aston Villa,1,2,A,1,0,H,16,12,3,5,9,4,8,4,1,0,0,0,A Madley,1.38085,2.4397,1820.2319099044005,1640.4007454347425,1.26525711654891,-1.6063809113650511,179.831164469658,2.2,0.8,6.4,2.6,9.0,2.485238,1.0946232,2.5520652982673626,2.779878,1.0265828,2.296677820878578,0.4,5.0,2,2.2,2.0,5.0,5.8,5.2,1.939602,1.437126,1.9858007851354749,1.3096092,1.397884,1.7405398227521176,0.2,9.0,2,0.7186050775420855,0.1748713958526392,0.10652352660527556,H,False
2025-2026,2026-05-24,Nott'm Forest,Bournemouth,1,1,D,1,0,H,15,17,5,4,6,3,11,7,1,1,0,0,C Pawson,2.05852,1.33684,1589.1654301637068,1652.956798061863,6.814950886191096,7.037622529653385,-63.791367898156295,3.0,1.2,4.8,5.2,3.8,1.7206579999999996,1.8646102,1.7941359513387247,1.1026138,1.3890771999999998,1.554513753708576,0.2,7.0,2,1.8,0.8,4.4,2.8,6.2,2.0578586000000003,1.2037038,2.22255988537131,1.7303508,2.007908,1.8553459804895087,0.4,5.0,1,0.3249398515821984,0.28246945440297627,0.3925906940148253,A,False
2025-2026,2026-05-24,Sunderland,Chelsea,2,1,H,1,0,H,20,10,2,1,7,7,15,18,3,2,0,0,C Kavanagh,2.33109,0.920885,1498.4560576382844,1613.7626425602389,0.4403218562325726,-6.863995823124762,-115.30658492195448,1.4,2.2,4.0,5.0,4.0,1.1239574,1.8526822,1.196755110764128,1.2095492,1.2778642000000002,1.22679124375428,0.4,7.0,1,0.8,1.8,3.0,4.0,5.4,1.0880157999999998,1.6079068,1.1588537677320758,1.3975978,1.4741742,1.432431881739792,0.2,5.0,1,0.3390373724206678,0.29169740484717704,0.3692652227321552,A,False
2025-2026,2026-05-24,Tottenham,Everton,1,0,H,1,0,H,21,8,6,3,6,2,15,12,5,3,0,1,M Oliver,1.40597,0.268476,1497.6500347839915,1580.8318687162312,4.2487949042887845,-7.04636451167301,-83.18183393223944,1.4,1.2,3.8,2.8,7.0,1.4778859999999998,1.0943660000000004,1.5583522842486208,1.2698388,1.95666,1.429631484232463,0.4,5.0,2,1.6,2.4,4.6,4.8,4.6,1.540568,1.841616,1.6716440293878363,1.674632,2.082864,1.5150437058977086,0.4,7.0,2,0.36402606169684637,0.2855759829287207,0.3503979553744329,H,True
2025-2026,2026-05-24,West Ham,Leeds,3,0,H,0,0,D,16,13,9,3,6,4,11,14,0,3,0,0,A Taylor,2.73135,1.94969,1504.5300302446835,1559.2310760313162,-2.777544709079211,7.170551130540806,-54.70104578663268,0.6,1.6,4.4,4.2,4.0,1.0979641999999998,1.5369424,1.2117765402888403,1.7065204,1.1186456,1.24809550048383,0.2,7.0,2,2.0,0.8,4.4,4.6,4.0,1.8974052,1.3279028,1.8719182279478308,1.6902160000000002,1.309811,1.6437962465408522,0.4,7.0,2,0.4079124335060075,0.2897856754326838,0.3023018910613086,H,True
